
  ══════════════════════════════════════════════════════════════════
                         🚀  TRAINING SESSION                        
                    Started: 2026-05-25  11:13:06                   
                          File: K0_old.xlsx                         
  ══════════════════════════════════════════════════════════════════

  ==================================================================
  Sheet: TOTAL values GCSD
  ==================================================================
  Total rows parsed:  17
  Rows for training:  17
  Rows without label: 0
  Target  — mean=17.705  std=23.054  min=1.671  max=64.034
  Epoch  200/2000  │  Train MSE 0.067701  │  Val MSE 0.031312  │    0.1s elapsed
  Epoch  400/2000  │  Train MSE 0.063543  │  Val MSE 0.025523  │    0.1s elapsed
  Epoch  600/2000  │  Train MSE 0.067987  │  Val MSE 0.055177  │    0.2s elapsed
  Epoch  800/2000  │  Train MSE 0.039755  │  Val MSE 0.027825  │    0.2s elapsed
  Epoch 1000/2000  │  Train MSE 0.051601  │  Val MSE 0.075216  │    0.3s elapsed
  Epoch 1200/2000  │  Train MSE 0.017744  │  Val MSE 0.063708  │    0.3s elapsed
  Epoch 1400/2000  │  Train MSE 0.037233  │  Val MSE 0.037080  │    0.4s elapsed
  Epoch 1600/2000  │  Train MSE 0.072121  │  Val MSE 0.079822  │    0.4s elapsed
  Epoch 1800/2000  │  Train MSE 0.068074  │  Val MSE 0.064410  │    0.5s elapsed
  Epoch 2000/2000  │  Train MSE 0.044294  │  Val MSE 0.165364  │    0.5s elapsed

  📊  LOSS CURVE   T = Train   V = Val   ✪ = overlap

   2.03879 ┤
           │             V                                           T 
           │ V  T                                                      
           │  V T                                                      
           │ V T                                                       
           │  ✪                                                        
           │ ✪                                                         
           │ TV                                                        
           │ VT                                                        
           │  VT                                                       
           │   TV                                                      
           │  V  T                                                     
           │  VT                                                       
           │ T V                                                       
           │  V    T                                                   
           │ ✪                                                         
           │   ✪                                                       
           │  ✪                                                        
           │ TV                                                        
           │ TV                                                        
           │ TV                                                        
           │ T V                                                       
           │ TV                                                        
           │  VT                                                       
           │ TV                                                        
           │ TV                                                        
           │ TV                                                        
           │ VT                                                        
           │ T V                                                       
           │  TV                                                       
           │  ✪                                                        
           │ VT                                                        
           │ VT                                                        
           │ T V                                                       
           │ T V                                                       
           │ T V                                                       
           │  T  V                                                     
   0.00592 ┤
           └─────────────────────────────▶  epochs


  ┌──────────────────────────────────────────────────────────────────┐
  │                 🧠  NEURAL NETWORK TRAINING REPORT                │
  │                        2026-05-25  11:13:06                      │
  ├──────────────────────────────────────────────────────────────────┤
  ├─  Architecture  ──────────────────────────────────────────────────┤
  │  Input features                                    10          │
  │  Hidden layers                           64 → 32 → 16          │
  │  Output                               1  (regression)          │
  │  Activation                         ReLU + linear out          │
  │  Optimizer                     Adam  β₁=0.9  β₂=0.999          │
  │  Dropout rate                                     15%          │
  │  Training time                                    0.5  sec     │
  ├─  Dataset split  ─────────────────────────────────────────────────┤
  │  Total samples                                     17          │
  │  Training samples                                  14          │
  │  Validation samples                                 3          │
  ├─  Loss history  (MSE, normalised space)  ─────────────────────────┤
  │  Initial  train MSE                          2.038789          │
  │  Final    train MSE                          0.044294          │
  │  Initial  val   MSE                          0.447432          │
  │  Final    val   MSE                          0.165364          │
  │  Best     val   MSE                          0.005890          │
  │  Best epoch                                       171          │
  │  Train loss reduction                            97.8  %       │
  │  Overfit index (val-tr)/tr                     +273.3  %       │
  ├─  Metrics — Train  (n=14, denormalised values)  ──────────────────┤
  │  MAE   (mean abs error)                        3.6458  min     │
  │  RMSE  (root mean sq error)                    6.2150  min     │
  │  Median abs error                              1.8554  min     │
  │  P95   abs error                              15.9246  min     │
  │  MAPE  (mean abs % error)                       46.37  %       │
  │  R²                            0.9117   ██████████████████          │
  ├─  Metrics — Val    (n=3, denormalised values)  ───────────────────┤
  │  MAE   (mean abs error)                        6.4142  min     │
  │  RMSE  (root mean sq error)                    9.0948  min     │
  │  Median abs error                              1.9717  min     │
  │  P95   abs error                              14.1758  min     │
  │  MAPE  (mean abs % error)                       29.62  %       │
  │  R²                            0.8686   █████████████████          │
  ├─  Metrics — Full   (n=17, denormalised values)  ──────────────────┤
  │  MAE   (mean abs error)                        4.1344  min     │
  │  RMSE  (root mean sq error)                    6.8122  min     │
  │  Median abs error                              1.9717  min     │
  │  P95   abs error                              15.9246  min     │
  │  MAPE  (mean abs % error)                       43.41  %       │
  │  R²                            0.9072   ██████████████████          │
  ├─  Feature importance  (mean |W₁| per input)  ─────────────────────┤
  │   1. PART_HAS_LETTER            ███████████████████████   100.0%  0.4029  │
  │   2. GCSD_sqrt                  ██████████████████████     93.3%  0.3761  │
  │   3. ADJ_log                    ██████████████████████     92.6%  0.3732  │
  │   4. GCSD_log                   █████████████████████      91.5%  0.3688  │
  │   5. PART_LEN                   ████████████████████       87.3%  0.3518  │
  │   6. ADJ_sqrt                   ████████████████████       84.3%  0.3397  │
  │   7. GCSD_x_ADJ                 ██████████████████         78.6%  0.3168  │
  │   8. PART_DIGITS                █████████████████          74.5%  0.3003  │
  │   9. ADJ.                       █████████████████          71.4%  0.2879  │
  │  10. GCSD                       █████████████████          71.3%  0.2873  │
  └──────────────────────────────────────────────────────────────────┘

  💾 Model saved → models\TOTAL_values_GCSD/model.pkl

  ==================================================================
  Sheet: CUTTING
  ==================================================================
  Eligible rows (не учитываю excluded): 577
  Rows with TOTAL > 0 (training set):   31
  Rows with TOTAL = 0 (to predict):     546
  GCSP  — mean=3.193  std=3.721  min=0.610  max=18.470
  QTY   — mean=5.677  std=7.054  min=1.000  max=27.000
  TOTAL — mean=11.190  std=12.596  min=0.970  max=55.410
  Epoch  200/2000  │  Train MSE 0.150015  │  Val MSE 0.131397  │    0.0s elapsed
  Epoch  400/2000  │  Train MSE 0.048672  │  Val MSE 0.051054  │    0.1s elapsed
  Epoch  600/2000  │  Train MSE 0.087864  │  Val MSE 0.038736  │    0.1s elapsed
  Epoch  800/2000  │  Train MSE 0.065441  │  Val MSE 0.050479  │    0.2s elapsed
  Epoch 1000/2000  │  Train MSE 0.225974  │  Val MSE 0.033811  │    0.2s elapsed
  Epoch 1200/2000  │  Train MSE 0.090984  │  Val MSE 0.021496  │    0.3s elapsed
  Epoch 1400/2000  │  Train MSE 0.030276  │  Val MSE 0.012098  │    0.3s elapsed
  Epoch 1600/2000  │  Train MSE 0.065430  │  Val MSE 0.006665  │    0.4s elapsed
  Epoch 1800/2000  │  Train MSE 0.039076  │  Val MSE 0.008549  │    0.4s elapsed
  Epoch 2000/2000  │  Train MSE 0.049532  │  Val MSE 0.005757  │    0.5s elapsed

  📊  LOSS CURVE   T = Train   V = Val   ✪ = overlap

   1.13303 ┤
           │                                     V                   T 
           │   V           T                                           
           │       V        T                                          
           │      V             T                                      
           │   T    V                                                  
           │     ✪                                                     
           │   TV                                                      
           │   ✪                                                       
           │  V T                                                      
           │   V T                                                     
           │  V T                                                      
           │  VT                                                       
           │  V T                                                      
           │  V   T                                                    
           │   VT                                                      
           │   ✪                                                       
           │   V T                                                     
           │  V  T                                                     
           │  VT                                                       
           │  ✪                                                        
           │  V T                                                      
           │ V   T                                                     
           │ V T                                                       
           │ V T                                                       
           │ V  T                                                      
           │ VT                                                        
           │ VT                                                        
           │ VT                                                        
           │ V  T                                                      
           │ VT                                                        
           │ V T                                                       
           │ V  T                                                      
           │ V    T                                                    
           │ V  T                                                      
           │ V    T                                                    
           │ V T                                                       
   0.00425 ┤
           └─────────────────────────────▶  epochs


  ┌──────────────────────────────────────────────────────────────────┐
  │                 🧠  NEURAL NETWORK TRAINING REPORT                │
  │                        2026-05-25  11:13:07                      │
  ├──────────────────────────────────────────────────────────────────┤
  ├─  Architecture  ──────────────────────────────────────────────────┤
  │  Input features                                    10          │
  │  Hidden layers                           64 → 32 → 16          │
  │  Output                               1  (regression)          │
  │  Activation                         ReLU + linear out          │
  │  Optimizer                     Adam  β₁=0.9  β₂=0.999          │
  │  Dropout rate                                     15%          │
  │  Training time                                    0.5  sec     │
  ├─  Dataset split  ─────────────────────────────────────────────────┤
  │  Total samples                                     31          │
  │  Training samples                                  25          │
  │  Validation samples                                 6          │
  ├─  Loss history  (MSE, normalised space)  ─────────────────────────┤
  │  Initial  train MSE                          1.133033          │
  │  Final    train MSE                          0.049532          │
  │  Initial  val   MSE                          0.728286          │
  │  Final    val   MSE                          0.005757          │
  │  Best     val   MSE                          0.003874          │
  │  Best epoch                                      1307          │
  │  Train loss reduction                            95.6  %       │
  │  Overfit index (val-tr)/tr                      -88.4  %       │
  ├─  Metrics — Train  (n=25, denormalised values)  ──────────────────┤
  │  MAE   (mean abs error)                        1.7436  min     │
  │  RMSE  (root mean sq error)                    2.7622  min     │
  │  Median abs error                              1.1188  min     │
  │  P95   abs error                               5.0510  min     │
  │  MAPE  (mean abs % error)                       21.24  %       │
  │  R²                            0.9565   ███████████████████          │
  ├─  Metrics — Val    (n=6, denormalised values)  ───────────────────┤
  │  MAE   (mean abs error)                        0.7994  min     │
  │  RMSE  (root mean sq error)                    0.9401  min     │
  │  Median abs error                              0.9240  min     │
  │  P95   abs error                               1.2798  min     │
  │  MAPE  (mean abs % error)                       34.16  %       │
  │  R²                            0.9491   ██████████████████          │
  ├─  Metrics — Full   (n=31, denormalised values)  ──────────────────┤
  │  MAE   (mean abs error)                        1.5609  min     │
  │  RMSE  (root mean sq error)                    2.5148  min     │
  │  Median abs error                              1.1188  min     │
  │  P95   abs error                               4.4673  min     │
  │  MAPE  (mean abs % error)                       23.74  %       │
  │  R²                            0.9588   ███████████████████          │
  ├─  Feature importance  (mean |W₁| per input)  ─────────────────────┤
  │   1. CAT_HAS_LETTERS            ███████████████████████   100.0%  0.4029  │
  │   2. QTY_log                    ██████████████████████     93.2%  0.3757  │
  │   3. GCSP_sqrt                  █████████████████████      91.4%  0.3684  │
  │   4. CAT_LEN                    █████████████████████      90.5%  0.3647  │
  │   5. GCSP_log                   █████████████████████      88.1%  0.3551  │
  │   6. QTY_sqrt                   ███████████████████        82.5%  0.3322  │
  │   7. GCSP_x_QTY                 ███████████████████        81.5%  0.3285  │
  │   8. CAT_DIGITS                 ██████████████████         76.5%  0.3084  │
  │   9. QTY                        ██████████████████         75.3%  0.3035  │
  │  10. GCSP                       ████████████████           68.8%  0.2774  │
  └──────────────────────────────────────────────────────────────────┘

  💾 Model saved → models\CUTTING/model.pkl

  ==================================================================
  Sheet: LEAD PREP
  ==================================================================
  Eligible rows (не учитываю excluded): 155
  Rows with TOTAL > 0 (training set):   23
  Rows with TOTAL = 0 (to predict):     132
  GCSP  — mean=9.640  std=8.429  min=2.230  max=30.000
  QTY   — mean=6.870  std=11.323  min=1.000  max=50.000
  TOTAL — mean=47.334  std=54.435  min=2.973  max=200.000
  Epoch  200/2000  │  Train MSE 0.118465  │  Val MSE 0.009427  │    0.1s elapsed
  Epoch  400/2000  │  Train MSE 0.061992  │  Val MSE 0.081283  │    0.2s elapsed
  Epoch  600/2000  │  Train MSE 0.070438  │  Val MSE 0.034040  │    0.2s elapsed
  Epoch  800/2000  │  Train MSE 0.030264  │  Val MSE 0.030473  │    0.3s elapsed
  Epoch 1000/2000  │  Train MSE 0.178675  │  Val MSE 0.036016  │    0.3s elapsed
  Epoch 1200/2000  │  Train MSE 0.052381  │  Val MSE 0.053992  │    0.3s elapsed
  Epoch 1400/2000  │  Train MSE 0.087993  │  Val MSE 0.113143  │    0.4s elapsed
  Epoch 1600/2000  │  Train MSE 0.083467  │  Val MSE 0.064071  │    0.4s elapsed
  Epoch 1800/2000  │  Train MSE 0.124671  │  Val MSE 0.049157  │    0.5s elapsed
  Epoch 2000/2000  │  Train MSE 0.065147  │  Val MSE 0.083152  │    0.5s elapsed

  📊  LOSS CURVE   T = Train   V = Val   ✪ = overlap

   1.72528 ┤
           │      V                                                  T 
           │  V    T                                                   
           │ V   T                                                     
           │  V T                                                      
           │ V  T                                                      
           │ V T                                                       
           │  VT                                                       
           │  TV                                                       
           │   ✪                                                       
           │ VT                                                        
           │  TV                                                       
           │ VT                                                        
           │  ✪                                                        
           │   ✪                                                       
           │ ✪                                                         
           │  T   V                                                    
           │  ✪                                                        
           │  TV                                                       
           │ T V                                                       
           │ T V                                                       
           │ T V                                                       
           │  ✪                                                        
           │ T  V                                                      
           │   TV                                                      
           │  T   V                                                    
           │ ✪                                                         
           │ T V                                                       
           │ T V                                                       
           │   ✪                                                       
           │   VT                                                      
           │ T V                                                       
           │  TV                                                       
           │  ✪                                                        
           │ T V                                                       
           │  T  V                                                     
           │   ✪                                                       
   0.00206 ┤
           └─────────────────────────────▶  epochs


  ┌──────────────────────────────────────────────────────────────────┐
  │                 🧠  NEURAL NETWORK TRAINING REPORT                │
  │                        2026-05-25  11:13:08                      │
  ├──────────────────────────────────────────────────────────────────┤
  ├─  Architecture  ──────────────────────────────────────────────────┤
  │  Input features                                    10          │
  │  Hidden layers                           64 → 32 → 16          │
  │  Output                               1  (regression)          │
  │  Activation                         ReLU + linear out          │
  │  Optimizer                     Adam  β₁=0.9  β₂=0.999          │
  │  Dropout rate                                     15%          │
  │  Training time                                    0.5  sec     │
  ├─  Dataset split  ─────────────────────────────────────────────────┤
  │  Total samples                                     23          │
  │  Training samples                                  19          │
  │  Validation samples                                 4          │
  ├─  Loss history  (MSE, normalised space)  ─────────────────────────┤
  │  Initial  train MSE                          1.725280          │
  │  Final    train MSE                          0.065147          │
  │  Initial  val   MSE                          0.157763          │
  │  Final    val   MSE                          0.083152          │
  │  Best     val   MSE                          0.000280          │
  │  Best epoch                                       136          │
  │  Train loss reduction                            96.2  %       │
  │  Overfit index (val-tr)/tr                      +27.6  %       │
  ├─  Metrics — Train  (n=19, denormalised values)  ──────────────────┤
  │  MAE   (mean abs error)                        5.3491  min     │
  │  RMSE  (root mean sq error)                    8.3273  min     │
  │  Median abs error                              4.1551  min     │
  │  P95   abs error                              18.3590  min     │
  │  MAPE  (mean abs % error)                       44.54  %       │
  │  R²                            0.9703   ███████████████████          │
  ├─  Metrics — Val    (n=4, denormalised values)  ───────────────────┤
  │  MAE   (mean abs error)                       10.3951  min     │
  │  RMSE  (root mean sq error)                   15.3518  min     │
  │  Median abs error                              6.1095  min     │
  │  P95   abs error                              26.1407  min     │
  │  MAPE  (mean abs % error)                        8.14  %       │
  │  R²                            0.9296   ██████████████████          │
  ├─  Metrics — Full   (n=23, denormalised values)  ──────────────────┤
  │  MAE   (mean abs error)                        6.2267  min     │
  │  RMSE  (root mean sq error)                    9.9132  min     │
  │  Median abs error                              4.1766  min     │
  │  P95   abs error                              26.9431  min     │
  │  MAPE  (mean abs % error)                       38.21  %       │
  │  R²                            0.9653   ███████████████████          │
  ├─  Feature importance  (mean |W₁| per input)  ─────────────────────┤
  │   1. CAT_HAS_LETTERS            ███████████████████████   100.0%  0.4029  │
  │   2. QTY_log                    ██████████████████████     94.5%  0.3807  │
  │   3. GCSP_sqrt                  █████████████████████      90.5%  0.3646  │
  │   4. GCSP_log                   ████████████████████       87.1%  0.3507  │
  │   5. CAT_LEN                    ████████████████████       85.7%  0.3452  │
  │   6. QTY_sqrt                   ███████████████████        82.8%  0.3335  │
  │   7. GCSP_x_QTY                 ███████████████████        81.6%  0.3287  │
  │   8. CAT_DIGITS                 ██████████████████         78.0%  0.3142  │
  │   9. QTY                        █████████████████          73.4%  0.2956  │
  │  10. GCSP                       ████████████████           69.6%  0.2804  │
  └──────────────────────────────────────────────────────────────────┘

  💾 Model saved → models\LEAD_PREP/model.pkl

  ==================================================================
  Sheet: LEAD PREP FA
  ==================================================================
  Eligible rows (не учитываю excluded): 229
  Rows with TOTAL > 0 (training set):   1
  Rows with TOTAL = 0 (to predict):     228
  GCSP  — mean=4.000  std=nan  min=4.000  max=4.000
  QTY   — mean=12.000  std=nan  min=12.000  max=12.000
  TOTAL — mean=48.000  std=nan  min=48.000  max=48.000
  ⚠️  Not enough data (1 rows, need 5), skipping.

  ==================================================================
  Sheet: High Voltage
  ==================================================================
  Eligible rows (не учитываю excluded): 66
  Rows with TOTAL > 0 (training set):   0
  Rows with TOTAL = 0 (to predict):     66
  ⚠️  Not enough data (0 rows, need 5), skipping.

  ==================================================================
  Sheet: FA Conns and wires
  ==================================================================
  Eligible rows (не учитываю excluded): 91
  Rows with TOTAL > 0 (training set):   16
  Rows with TOTAL = 0 (to predict):     75
  GCSP  — mean=3.119  std=1.426  min=1.400  max=6.000
  QTY   — mean=34.125  std=30.846  min=1.000  max=89.000
  TOTAL — mean=93.596  std=109.314  min=5.220  max=356.000
  Epoch  200/2000  │  Train MSE 0.051261  │  Val MSE 0.715667  │    0.0s elapsed
  Epoch  400/2000  │  Train MSE 0.024077  │  Val MSE 0.485065  │    0.1s elapsed
  Epoch  600/2000  │  Train MSE 0.226984  │  Val MSE 0.356433  │    0.1s elapsed
  Epoch  800/2000  │  Train MSE 0.017712  │  Val MSE 0.351454  │    0.2s elapsed
  Epoch 1000/2000  │  Train MSE 0.022728  │  Val MSE 0.328054  │    0.2s elapsed
  Epoch 1200/2000  │  Train MSE 0.102228  │  Val MSE 0.282405  │    0.2s elapsed
  Epoch 1400/2000  │  Train MSE 0.049933  │  Val MSE 0.290297  │    0.3s elapsed
  Epoch 1600/2000  │  Train MSE 0.068118  │  Val MSE 0.289640  │    0.3s elapsed
  Epoch 1800/2000  │  Train MSE 0.020624  │  Val MSE 0.224825  │    0.4s elapsed
  Epoch 2000/2000  │  Train MSE 0.053451  │  Val MSE 0.204904  │    0.4s elapsed

  📊  LOSS CURVE   T = Train   V = Val   ✪ = overlap

   2.02402 ┤
           │                                            T            V 
           │         T      V                                          
           │ T                  V                                      
           │ T           V                                             
           │   T              V                                        
           │   T        V                                              
           │   T         V                                             
           │ T            V                                            
           │   T        V                                              
           │ T         V                                               
           │  T       V                                                
           │   T       V                                               
           │  T         V                                              
           │   T        V                                              
           │ T        V                                                
           │  T       V                                                
           │  T      V                                                 
           │ T         V                                               
           │    T   V                                                  
           │ T      V                                                  
           │    T     V                                                
           │   T    V                                                  
           │ T       V                                                 
           │  T      V                                                 
           │  T        V                                               
           │   T  V                                                    
           │ T         V                                               
           │    T  V                                                   
           │  T     V                                                  
           │ T     V                                                   
           │ T   V                                                     
           │ T V                                                       
           │ T    V                                                    
           │ T     V                                                   
           │ T     V                                                   
           │  T   V                                                    
   0.01308 ┤
           └─────────────────────────────▶  epochs


  ┌──────────────────────────────────────────────────────────────────┐
  │                 🧠  NEURAL NETWORK TRAINING REPORT                │
  │                        2026-05-25  11:13:08                      │
  ├──────────────────────────────────────────────────────────────────┤
  ├─  Architecture  ──────────────────────────────────────────────────┤
  │  Input features                                    10          │
  │  Hidden layers                           64 → 32 → 16          │
  │  Output                               1  (regression)          │
  │  Activation                         ReLU + linear out          │
  │  Optimizer                     Adam  β₁=0.9  β₂=0.999          │
  │  Dropout rate                                     15%          │
  │  Training time                                    0.4  sec     │
  ├─  Dataset split  ─────────────────────────────────────────────────┤
  │  Total samples                                     16          │
  │  Training samples                                  13          │
  │  Validation samples                                 3          │
  ├─  Loss history  (MSE, normalised space)  ─────────────────────────┤
  │  Initial  train MSE                          1.534945          │
  │  Final    train MSE                          0.053451          │
  │  Initial  val   MSE                          2.024019          │
  │  Final    val   MSE                          0.204904          │
  │  Best     val   MSE                          0.068254          │
  │  Best epoch                                      1757          │
  │  Train loss reduction                            96.5  %       │
  │  Overfit index (val-tr)/tr                     +283.3  %       │
  ├─  Metrics — Train  (n=13, denormalised values)  ──────────────────┤
  │  MAE   (mean abs error)                       10.1234  min     │
  │  RMSE  (root mean sq error)                   14.2626  min     │
  │  Median abs error                              8.6763  min     │
  │  P95   abs error                              24.1967  min     │
  │  MAPE  (mean abs % error)                       41.11  %       │
  │  R²                            0.9754   ███████████████████          │
  ├─  Metrics — Val    (n=3, denormalised values)  ───────────────────┤
  │  MAE   (mean abs error)                       39.8194  min     │
  │  RMSE  (root mean sq error)                   47.9113  min     │
  │  Median abs error                             49.1489  min     │
  │  P95   abs error                              65.0086  min     │
  │  MAPE  (mean abs % error)                       36.88  %       │
  │  R²                            0.8705   █████████████████          │
  ├─  Metrics — Full   (n=16, denormalised values)  ──────────────────┤
  │  MAE   (mean abs error)                       15.6914  min     │
  │  RMSE  (root mean sq error)                   24.4066  min     │
  │  Median abs error                              9.2871  min     │
  │  P95   abs error                              53.5544  min     │
  │  MAPE  (mean abs % error)                       40.31  %       │
  │  R²                            0.9468   ██████████████████          │
  ├─  Feature importance  (mean |W₁| per input)  ─────────────────────┤
  │   1. CAT_HAS_LETTERS            ███████████████████████   100.0%  0.4029  │
  │   2. QTY_log                    ██████████████████████     93.9%  0.3785  │
  │   3. GCSP_sqrt                  █████████████████████      91.3%  0.3679  │
  │   4. CAT_LEN                    ████████████████████       87.3%  0.3518  │
  │   5. GCSP_log                   ████████████████████       87.2%  0.3514  │
  │   6. QTY_sqrt                   ████████████████████       84.5%  0.3407  │
  │   7. GCSP_x_QTY                 ███████████████████        79.2%  0.3191  │
  │   8. CAT_DIGITS                 ██████████████████         77.9%  0.3140  │
  │   9. QTY                        █████████████████          74.4%  0.2999  │
  │  10. GCSP                       ████████████████           69.0%  0.2779  │
  └──────────────────────────────────────────────────────────────────┘

  💾 Model saved → models\FA_Conns_and_wires/model.pkl

  ==================================================================
  Sheet: FA Taping
  ==================================================================
  Eligible rows (не учитываю excluded): 69
  Rows with TOTAL > 0 (training set):   14
  Rows with TOTAL = 0 (to predict):     55
  GCSP  — mean=4.529  std=2.947  min=0.020  max=8.800
  QTY   — mean=135.000  std=277.609  min=1.000  max=915.000
  TOTAL — mean=72.280  std=160.114  min=3.216  max=616.000
  Epoch  200/2000  │  Train MSE 0.057007  │  Val MSE 0.011779  │    0.0s elapsed
  Epoch  400/2000  │  Train MSE 0.051615  │  Val MSE 0.015720  │    0.1s elapsed
  Epoch  600/2000  │  Train MSE 0.075235  │  Val MSE 0.037373  │    0.1s elapsed
  Epoch  800/2000  │  Train MSE 0.098820  │  Val MSE 0.036039  │    0.2s elapsed
  Epoch 1000/2000  │  Train MSE 0.061697  │  Val MSE 0.061627  │    0.2s elapsed
  Epoch 1200/2000  │  Train MSE 0.026600  │  Val MSE 0.060567  │    0.2s elapsed
  Epoch 1400/2000  │  Train MSE 0.069062  │  Val MSE 0.054635  │    0.3s elapsed
  Epoch 1600/2000  │  Train MSE 0.045538  │  Val MSE 0.058869  │    0.3s elapsed
  Epoch 1800/2000  │  Train MSE 0.017816  │  Val MSE 0.060431  │    0.3s elapsed
  Epoch 2000/2000  │  Train MSE 0.064649  │  Val MSE 0.061088  │    0.4s elapsed

  📊  LOSS CURVE   T = Train   V = Val   ✪ = overlap

   1.62213 ┤
           │                                      T                  V 
           │   V                                   T                   
           │ V    T                                                    
           │ V      T                                                  
           │ VT                                                        
           │ V     T                                                   
           │ V   T                                                     
           │ VT                                                        
           │ V T                                                       
           │ ✪                                                         
           │ ✪                                                         
           │ ✪                                                         
           │ TV                                                        
           │ VT                                                        
           │ V  T                                                      
           │  V T                                                      
           │  VT                                                       
           │ TV                                                        
           │ TV                                                        
           │ T V                                                       
           │ TV                                                        
           │ TV                                                        
           │  V  T                                                     
           │ TV                                                        
           │ TV                                                        
           │ TV                                                        
           │ TV                                                        
           │  V   T                                                    
           │  ✪                                                        
           │  V                T                                       
           │ TV                                                        
           │  ✪                                                        
           │  VT                                                       
           │  VT                                                       
           │  ✪                                                        
           │  ✪                                                        
   0.01084 ┤
           └─────────────────────────────▶  epochs


  ┌──────────────────────────────────────────────────────────────────┐
  │                 🧠  NEURAL NETWORK TRAINING REPORT                │
  │                        2026-05-25  11:13:09                      │
  ├──────────────────────────────────────────────────────────────────┤
  ├─  Architecture  ──────────────────────────────────────────────────┤
  │  Input features                                    10          │
  │  Hidden layers                           64 → 32 → 16          │
  │  Output                               1  (regression)          │
  │  Activation                         ReLU + linear out          │
  │  Optimizer                     Adam  β₁=0.9  β₂=0.999          │
  │  Dropout rate                                     15%          │
  │  Training time                                    0.4  sec     │
  ├─  Dataset split  ─────────────────────────────────────────────────┤
  │  Total samples                                     14          │
  │  Training samples                                  12          │
  │  Validation samples                                 2          │
  ├─  Loss history  (MSE, normalised space)  ─────────────────────────┤
  │  Initial  train MSE                          1.082688          │
  │  Final    train MSE                          0.064649          │
  │  Initial  val   MSE                          1.622132          │
  │  Final    val   MSE                          0.061088          │
  │  Best     val   MSE                          0.002420          │
  │  Best epoch                                        70          │
  │  Train loss reduction                            94.0  %       │
  │  Overfit index (val-tr)/tr                       -5.5  %       │
  ├─  Metrics — Train  (n=12, denormalised values)  ──────────────────┤
  │  MAE   (mean abs error)                        9.9762  min     │
  │  RMSE  (root mean sq error)                   17.7254  min     │
  │  Median abs error                              6.4509  min     │
  │  P95   abs error                              31.3598  min     │
  │  MAPE  (mean abs % error)                       69.60  %       │
  │  R²                            0.9884   ███████████████████          │
  ├─  Metrics — Val    (n=2, denormalised values)  ───────────────────┤
  │  MAE   (mean abs error)                       36.7864  min     │
  │  RMSE  (root mean sq error)                   38.1341  min     │
  │  Median abs error                             36.7864  min     │
  │  P95   abs error                              45.8300  min     │
  │  MAPE  (mean abs % error)                      329.57  %       │
  │  R²                                     -4636.1473             │
  ├─  Metrics — Full   (n=14, denormalised values)  ──────────────────┤
  │  MAE   (mean abs error)                       13.8062  min     │
  │  RMSE  (root mean sq error)                   21.8415  min     │
  │  Median abs error                              7.5585  min     │
  │  P95   abs error                              50.5663  min     │
  │  MAPE  (mean abs % error)                      106.74  %       │
  │  R²                            0.9800   ███████████████████          │
  ├─  Feature importance  (mean |W₁| per input)  ─────────────────────┤
  │   1. CAT_HAS_LETTERS            ███████████████████████   100.0%  0.4029  │
  │   2. QTY_log                    ███████████████████████    96.5%  0.3886  │
  │   3. CAT_LEN                    █████████████████████      91.4%  0.3681  │
  │   4. GCSP_sqrt                  █████████████████████      91.1%  0.3672  │
  │   5. GCSP_log                   █████████████████████      90.5%  0.3645  │
  │   6. QTY_sqrt                   ████████████████████       83.8%  0.3377  │
  │   7. GCSP_x_QTY                 ███████████████████        80.0%  0.3225  │
  │   8. CAT_DIGITS                 ██████████████████         76.3%  0.3076  │
  │   9. QTY                        █████████████████          72.1%  0.2907  │
  │  10. GCSP                       ████████████████           68.3%  0.2751  │
  └──────────────────────────────────────────────────────────────────┘

  💾 Model saved → models\FA_Taping/model.pkl

  ==================================================================
  Sheet: FA Miscellaneos
  ==================================================================
  Eligible rows (не учитываю excluded): 126
  Rows with TOTAL > 0 (training set):   32
  Rows with TOTAL = 0 (to predict):     94
  GCSP  — mean=4.928  std=4.954  min=0.003  max=21.650
  QTY   — mean=353.375  std=1077.886  min=1.000  max=5530.000
  TOTAL — mean=49.621  std=73.958  min=2.800  max=368.000
  Epoch  200/2000  │  Train MSE 0.224867  │  Val MSE 0.109382  │    0.0s elapsed
  Epoch  400/2000  │  Train MSE 0.072553  │  Val MSE 0.078181  │    0.1s elapsed
  Epoch  600/2000  │  Train MSE 0.259779  │  Val MSE 0.170407  │    0.1s elapsed
  Epoch  800/2000  │  Train MSE 0.092569  │  Val MSE 0.106799  │    0.2s elapsed
  Epoch 1000/2000  │  Train MSE 0.041269  │  Val MSE 0.122457  │    0.2s elapsed
  Epoch 1200/2000  │  Train MSE 0.014166  │  Val MSE 0.113778  │    0.3s elapsed
  Epoch 1400/2000  │  Train MSE 0.022673  │  Val MSE 0.106210  │    0.3s elapsed
  Epoch 1600/2000  │  Train MSE 0.079748  │  Val MSE 0.108713  │    0.3s elapsed
  Epoch 1800/2000  │  Train MSE 0.285735  │  Val MSE 0.121704  │    0.4s elapsed
  Epoch 2000/2000  │  Train MSE 0.134079  │  Val MSE 0.116385  │    0.4s elapsed

  📊  LOSS CURVE   T = Train   V = Val   ✪ = overlap

   1.83858 ┤
           │                                             T           V 
           │   V     T                                                 
           │   V     T                                                 
           │    V     T                                                
           │  ✪                                                        
           │   ✪                                                       
           │  TV                                                       
           │  TV                                                       
           │ T V                                                       
           │  T  V                                                     
           │ T  V                                                      
           │   ✪                                                       
           │ T  V                                                      
           │   VT                                                      
           │   ✪                                                       
           │   V T                                                     
           │ T  V                                                      
           │   TV                                                      
           │  T V                                                      
           │   TV                                                      
           │    VT                                                     
           │ T  V                                                      
           │ T V                                                       
           │ T V                                                       
           │ T  V                                                      
           │  T V                                                      
           │  TV                                                       
           │ T  V                                                      
           │   ✪                                                       
           │ T  V                                                      
           │  TV                                                       
           │  TV                                                       
           │ T V                                                       
           │ T V                                                       
           │  TV                                                       
           │    ✪                                                      
   0.01417 ┤
           └─────────────────────────────▶  epochs


  ┌──────────────────────────────────────────────────────────────────┐
  │                 🧠  NEURAL NETWORK TRAINING REPORT                │
  │                        2026-05-25  11:13:09                      │
  ├──────────────────────────────────────────────────────────────────┤
  ├─  Architecture  ──────────────────────────────────────────────────┤
  │  Input features                                    10          │
  │  Hidden layers                           64 → 32 → 16          │
  │  Output                               1  (regression)          │
  │  Activation                         ReLU + linear out          │
  │  Optimizer                     Adam  β₁=0.9  β₂=0.999          │
  │  Dropout rate                                     15%          │
  │  Training time                                    0.4  sec     │
  ├─  Dataset split  ─────────────────────────────────────────────────┤
  │  Total samples                                     32          │
  │  Training samples                                  26          │
  │  Validation samples                                 6          │
  ├─  Loss history  (MSE, normalised space)  ─────────────────────────┤
  │  Initial  train MSE                          1.453823          │
  │  Final    train MSE                          0.134079          │
  │  Initial  val   MSE                          1.838583          │
  │  Final    val   MSE                          0.116385          │
  │  Best     val   MSE                          0.056105          │
  │  Best epoch                                       229          │
  │  Train loss reduction                            90.8  %       │
  │  Overfit index (val-tr)/tr                      -13.2  %       │
  ├─  Metrics — Train  (n=26, denormalised values)  ──────────────────┤
  │  MAE   (mean abs error)                        6.9140  min     │
  │  RMSE  (root mean sq error)                   14.3296  min     │
  │  Median abs error                              3.7471  min     │
  │  P95   abs error                              21.8048  min     │
  │  MAPE  (mean abs % error)                       37.33  %       │
  │  R²                            0.9643   ███████████████████          │
  ├─  Metrics — Val    (n=6, denormalised values)  ───────────────────┤
  │  MAE   (mean abs error)                       17.3151  min     │
  │  RMSE  (root mean sq error)                   24.8337  min     │
  │  Median abs error                              8.2373  min     │
  │  P95   abs error                              42.8531  min     │
  │  MAPE  (mean abs % error)                       54.17  %       │
  │  R²                            0.8077   ████████████████          │
  ├─  Metrics — Full   (n=32, denormalised values)  ──────────────────┤
  │  MAE   (mean abs error)                        8.8642  min     │
  │  RMSE  (root mean sq error)                   16.8068  min     │
  │  Median abs error                              3.7856  min     │
  │  P95   abs error                              41.8760  min     │
  │  MAPE  (mean abs % error)                       40.49  %       │
  │  R²                            0.9467   ██████████████████          │
  ├─  Feature importance  (mean |W₁| per input)  ─────────────────────┤
  │   1. CAT_HAS_LETTERS            ███████████████████████   100.0%  0.4029  │
  │   2. QTY_log                    ██████████████████████     91.8%  0.3697  │
  │   3. GCSP_sqrt                  █████████████████████      91.6%  0.3691  │
  │   4. CAT_LEN                    █████████████████████      87.5%  0.3527  │
  │   5. GCSP_log                   ████████████████████       87.3%  0.3518  │
  │   6. GCSP_x_QTY                 ████████████████████       86.3%  0.3475  │
  │   7. QTY_sqrt                   ███████████████████        82.9%  0.3342  │
  │   8. CAT_DIGITS                 ██████████████████         75.5%  0.3044  │
  │   9. QTY                        ████████████████           70.1%  0.2824  │
  │  10. GCSP                       ███████████████            65.9%  0.2654  │
  └──────────────────────────────────────────────────────────────────┘

  💾 Model saved → models\FA_Miscellaneos/model.pkl

  ══════════════════════════════════════════════════════════════════
                          📋  SESSION SUMMARY                        
  ══════════════════════════════════════════════════════════════════

  ┌────────────────────────────────────────────────────────────────────────────────┐
  │  Sheet                              N       MAE      R²        Status  │
  ├────────────────────────────────────────────────────────────────────────────────┤
  │  TOTAL values GCSD                 17    4.1344  0.9072     ✅ trained  │
  │  CUTTING                           31    1.5609  0.9588     ✅ trained  │
  │  LEAD PREP                         23    6.2267  0.9653     ✅ trained  │
  │  LEAD PREP FA                       1       —       —     ⚠️  skipped  │
  │  High Voltage                       0       —       —     ⚠️  skipped  │
  │  FA Conns and wires                16   15.6914  0.9468     ✅ trained  │
  │  FA Taping                         14   13.8062  0.9800     ✅ trained  │
  │  FA Miscellaneos                   32    8.8642  0.9467     ✅ trained  │
  └────────────────────────────────────────────────────────────────────────────────┘

  Average MAE across trained sheets : 8.3806 min
  Average R²  across trained sheets : 0.9508

  ✅  Training complete.
  ⏱  Total time : 3.8 sec
  📁  Log saved  : logs/training.log
  ══════════════════════════════════════════════════════════════════


  ══════════════════════════════════════════════════════════════════════
                🚀  TRAINING SESSION (Wire-by-Wire Concept)              
                      Started: 2026-05-28  00:11:28                     
                            File: K0_old.xlsx                           
  ══════════════════════════════════════════════════════════════════════

  ======================================================================
  Sheet: CUTTING  (Wire-by-Wire Training)
  ======================================================================

  Концепт: каждая строка I3..I681 — отдельный провод/операция.
  Подставляем QTY=1, цель = Global Sec/Pc (время на шт).
  Признаки: Min Gage, Max Gage, Min Length, Max Length.

  Строк с валидными параметрами (GCSP > 0): 575
  GCSP — mean=10.6258  std=16.9870  min=0.6100  max=129.3000

  Пример активации строк (QTY=1):
    Строка   3 | Gage [0.3–5.0] | Len [50–1000] | GCSP=1.2301 → TOTAL TIME = 1.2301 мин
    Строка   4 | Gage [0.3–5.0] | Len [1001–1500] | GCSP=1.7051 → TOTAL TIME = 1.7051 мин
    Строка   5 | Gage [0.3–5.0] | Len [1501–2000] | GCSP=2.2101 → TOTAL TIME = 2.2101 мин
    Строка   6 | Gage [0.3–5.0] | Len [2001–2500] | GCSP=2.7451 → TOTAL TIME = 2.7451 мин
    Строка   7 | Gage [0.3–5.0] | Len [2501–3000] | GCSP=3.3101 → TOTAL TIME = 3.3101 мин

  Epoch  200/3000  │  Train MSE 0.584281  │  Val MSE 0.404171  │    0.4s elapsed
  Epoch  400/3000  │  Train MSE 0.542109  │  Val MSE 0.386435  │    0.8s elapsed
  Epoch  600/3000  │  Train MSE 0.452093  │  Val MSE 0.381264  │    1.0s elapsed
  Epoch  800/3000  │  Train MSE 0.388446  │  Val MSE 0.322914  │    1.3s elapsed
  Epoch 1000/3000  │  Train MSE 0.350663  │  Val MSE 0.195508  │    1.6s elapsed
  Epoch 1200/3000  │  Train MSE 0.260305  │  Val MSE 0.118848  │    1.9s elapsed
  Epoch 1400/3000  │  Train MSE 0.290484  │  Val MSE 0.115909  │    2.2s elapsed
  Epoch 1600/3000  │  Train MSE 0.261707  │  Val MSE 0.109819  │    2.5s elapsed
  Epoch 1800/3000  │  Train MSE 0.227034  │  Val MSE 0.110938  │    2.8s elapsed
  Epoch 2000/3000  │  Train MSE 0.237647  │  Val MSE 0.101526  │    3.0s elapsed
  Epoch 2200/3000  │  Train MSE 0.260358  │  Val MSE 0.108543  │    3.3s elapsed
  Epoch 2400/3000  │  Train MSE 0.214753  │  Val MSE 0.124241  │    3.6s elapsed
  Epoch 2600/3000  │  Train MSE 0.258214  │  Val MSE 0.114491  │    3.8s elapsed
  Epoch 2800/3000  │  Train MSE 0.223186  │  Val MSE 0.129773  │    4.1s elapsed
  Epoch 3000/3000  │  Train MSE 0.214926  │  Val MSE 0.123245  │    4.4s elapsed

  📊  LOSS CURVE   T = Train   V = Val   ✪ = overlap

   4.28886 ┤
           │                                       V                 T 
           │     V   T                                                 
           │     V  T                                                  
           │    V T                                                    
           │    V  T                                                   
           │    V  T                                                   
           │    V T                                                    
           │    VT                                                     
           │    V T                                                    
           │   V T                                                     
           │   V T                                                     
           │  V  T                                                     
           │ V  T                                                      
           │ V T                                                       
           │ V T                                                       
           │ V T                                                       
           │ V T                                                       
           │ V T                                                       
           │ VT                                                        
           │ V  T                                                      
           │ V T                                                       
           │ VT                                                        
           │ V T                                                       
           │ VT                                                        
           │ VT                                                        
           │ VT                                                        
           │ V T                                                       
           │ V T                                                       
           │ VT                                                        
           │ VT                                                        
           │ VT                                                        
           │ V T                                                       
           │ VT                                                        
           │ VT                                                        
           │ VT                                                        
           │ VT                                                        
   0.10250 ┤
           └─────────────────────────────▶  epochs


  ┌──────────────────────────────────────────────────────────────────┐
  │                 🧠  NEURAL NETWORK TRAINING REPORT                │
  │                        2026-05-28  00:11:33                      │
  ├──────────────────────────────────────────────────────────────────┤
  ├─  Architecture  ──────────────────────────────────────────────────┤
  │  Input features                                    19          │
  │  Hidden layers                           64 → 32 → 16          │
  │  Output                               1  (regression)          │
  │  Activation                         ReLU + linear out          │
  │  Optimizer                     Adam  β₁=0.9  β₂=0.999          │
  │  Dropout rate                                     15%          │
  │  Training time                                    4.4  sec     │
  ├─  Dataset split  ─────────────────────────────────────────────────┤
  │  Total samples                                    575          │
  │  Training samples                                 460          │
  │  Validation samples                               115          │
  ├─  Loss history  (MSE, normalised space)  ─────────────────────────┤
  │  Initial  train MSE                          4.288857          │
  │  Final    train MSE                          0.214926          │
  │  Initial  val   MSE                          2.924152          │
  │  Final    val   MSE                          0.123245          │
  │  Best     val   MSE                          0.099270          │
  │  Best epoch                                      2023          │
  │  Train loss reduction                            95.0  %       │
  │  Overfit index (val-tr)/tr                      -42.7  %       │
  ├─  Metrics — Train  (n=460, denormalised values)  ─────────────────┤
  │  MAE   (mean abs error)                        3.2463  min     │
  │  RMSE  (root mean sq error)                    7.0332  min     │
  │  Median abs error                              1.7215  min     │
  │  P95   abs error                              11.9003  min     │
  │  MAPE  (mean abs % error)                       64.61  %       │
  │  R²                            0.8410   ████████████████          │
  ├─  Metrics — Val    (n=115, denormalised values)  ─────────────────┤
  │  MAE   (mean abs error)                        3.0493  min     │
  │  RMSE  (root mean sq error)                    5.9635  min     │
  │  Median abs error                              1.5692  min     │
  │  P95   abs error                              14.2165  min     │
  │  MAPE  (mean abs % error)                       70.92  %       │
  │  R²                            0.8182   ████████████████          │
  ├─  Metrics — Full   (n=575, denormalised values)  ─────────────────┤
  │  MAE   (mean abs error)                        3.2069  min     │
  │  RMSE  (root mean sq error)                    6.8327  min     │
  │  Median abs error                              1.7034  min     │
  │  P95   abs error                              12.8838  min     │
  │  MAPE  (mean abs % error)                       65.87  %       │
  │  R²                            0.8382   ████████████████          │
  ├─  Feature importance  (mean |W₁| per input)  ─────────────────────┤
  │   1. min_gage_log               ███████████████████████   100.0%  0.3188  │
  │   2. len_range                  █████████████████████      91.5%  0.2918  │
  │   3. max_gage_sqrt              █████████████████████      91.5%  0.2918  │
  │   4. gage_x_maxlen              █████████████████████      90.2%  0.2876  │
  │   5. max_len                    █████████████████████      88.6%  0.2824  │
  │   6. max_gage_log               ████████████████████       85.2%  0.2717  │
  │   7. min_len                    ████████████████████       84.5%  0.2695  │
  │   8. min_len_log                ████████████████████       84.5%  0.2694  │
  │   9. max_len_log                ████████████████████       83.9%  0.2676  │
  │  10. gage_range                 ███████████████████        82.2%  0.2622  │
  │  11. mid_gage_log               ███████████████████        80.4%  0.2564  │
  │  12. mid_len                    ██████████████████         78.9%  0.2515  │
  │  13. mid_gage                   ██████████████████         78.6%  0.2507  │
  │  14. mid_len_log                ██████████████████         77.9%  0.2483  │
  │  15. mid_len_sqrt               █████████████████          74.1%  0.2364  │
  │  16. max_gage                   █████████████████          74.0%  0.2361  │
  │  17. gage_x_len                 █████████████████          72.7%  0.2318  │
  │  18. max_len_sqrt               ████████████████           68.7%  0.2191  │
  │  19. min_gage                   ███████████████            64.4%  0.2054  │
  └──────────────────────────────────────────────────────────────────┘

  💾 Model saved → models\CUTTING/model.pkl
  ── CUTTING wire-by-wire check ──
  Total rows          : 575
  Passed (pred ≤ ref) :  217  (37.7%)
  Passed (pred ≤ +5%) :  241  (41.9%)
  Match (±2%)         :   17  (3.0%)
  Failed              :  358  (62.3%)
  Top-5 worst (over-predictions):
    row_local=508  ref=38.2000  pred=63.5274  diff=+25.3274  (+66.3%)
    row_local=507  ref=30.4500  pred=49.9345  diff=+19.4845  (+64.0%)
    row_local= 90  ref=2.0224  pred=20.4285  diff=+18.4061  (+910.1%)
    row_local=105  ref=2.1724  pred=20.4285  diff=+18.2561  (+840.4%)
    row_local=150  ref=2.5650  pred=20.4285  diff=+17.8635  (+696.4%)

  ======================================================================
  Sheet: TOTAL values GCSD
  ======================================================================
  Всего строк: 14
  Для обучения (с меткой): 14
  Без метки (для предсказания): 0
  Epoch  200/2000  │  Train MSE 0.099981  │  Val MSE 0.021267  │    0.0s elapsed
  Epoch  400/2000  │  Train MSE 0.142097  │  Val MSE 0.022047  │    0.1s elapsed
  Epoch  600/2000  │  Train MSE 0.074277  │  Val MSE 0.018233  │    0.1s elapsed
  Epoch  800/2000  │  Train MSE 0.089523  │  Val MSE 0.018473  │    0.2s elapsed
  Epoch 1000/2000  │  Train MSE 0.047403  │  Val MSE 0.013186  │    0.2s elapsed
  Epoch 1200/2000  │  Train MSE 0.023809  │  Val MSE 0.015375  │    0.3s elapsed
  Epoch 1400/2000  │  Train MSE 0.043820  │  Val MSE 0.018382  │    0.3s elapsed
  Epoch 1600/2000  │  Train MSE 0.111787  │  Val MSE 0.005132  │    0.4s elapsed
  Epoch 1800/2000  │  Train MSE 0.047889  │  Val MSE 0.008373  │    0.4s elapsed
  Epoch 2000/2000  │  Train MSE 0.108502  │  Val MSE 0.008743  │    0.5s elapsed

  📊  LOSS CURVE   T = Train   V = Val   ✪ = overlap

   1.49221 ┤
           │                                                 T       V 
           │ V      T                                                  
           │ V      T                                                  
           │ V  T                                                      
           │ V    T                                                    
           │ VT                                                        
           │ V     T                                                   
           │ V    T                                                    
           │ V  T                                                      
           │ V   T                                                     
           │ V  T                                                      
           │ V  T                                                      
           │ V  T                                                      
           │ V T                                                       
           │ V  T                                                      
           │ VT                                                        
           │ VT                                                        
           │ ✪                                                         
           │ V  T                                                      
           │ V   T                                                     
           │ VT                                                        
           │ ✪                                                         
           │ V T                                                       
           │ VT                                                        
           │ V  T                                                      
           │ VT                                                        
           │ V  T                                                      
           │ VT                                                        
           │ V   T                                                     
           │ ✪                                                         
           │ V    T                                                    
           │ V  T                                                      
           │ V T                                                       
           │ ✪                                                         
           │ V T                                                       
           │ V  T                                                      
   0.00469 ┤
           └─────────────────────────────▶  epochs


  ┌──────────────────────────────────────────────────────────────────┐
  │                 🧠  NEURAL NETWORK TRAINING REPORT                │
  │                        2026-05-28  00:11:33                      │
  ├──────────────────────────────────────────────────────────────────┤
  ├─  Architecture  ──────────────────────────────────────────────────┤
  │  Input features                                    10          │
  │  Hidden layers                           64 → 32 → 16          │
  │  Output                               1  (regression)          │
  │  Activation                         ReLU + linear out          │
  │  Optimizer                     Adam  β₁=0.9  β₂=0.999          │
  │  Dropout rate                                     15%          │
  │  Training time                                    0.5  sec     │
  ├─  Dataset split  ─────────────────────────────────────────────────┤
  │  Total samples                                     14          │
  │  Training samples                                  12          │
  │  Validation samples                                 2          │
  ├─  Loss history  (MSE, normalised space)  ─────────────────────────┤
  │  Initial  train MSE                          1.267674          │
  │  Final    train MSE                          0.108502          │
  │  Initial  val   MSE                          1.492210          │
  │  Final    val   MSE                          0.008743          │
  │  Best     val   MSE                          0.002402          │
  │  Best epoch                                      1765          │
  │  Train loss reduction                            91.4  %       │
  │  Overfit index (val-tr)/tr                      -91.9  %       │
  ├─  Metrics — Train  (n=12, denormalised values)  ──────────────────┤
  │  MAE   (mean abs error)                        4.1541  min     │
  │  RMSE  (root mean sq error)                    5.5975  min     │
  │  Median abs error                              2.5702  min     │
  │  P95   abs error                              10.6944  min     │
  │  MAPE  (mean abs % error)                      175.23  %       │
  │  R²                            0.9511   ███████████████████          │
  ├─  Metrics — Val    (n=2, denormalised values)  ───────────────────┤
  │  MAE   (mean abs error)                        2.2258  min     │
  │  RMSE  (root mean sq error)                    2.2485  min     │
  │  Median abs error                              2.2258  min     │
  │  P95   abs error                               2.5129  min     │
  │  MAPE  (mean abs % error)                      437.51  %       │
  │  R²                            0.9501   ███████████████████          │
  ├─  Metrics — Full   (n=14, denormalised values)  ──────────────────┤
  │  MAE   (mean abs error)                        3.8786  min     │
  │  RMSE  (root mean sq error)                    5.2515  min     │
  │  Median abs error                              2.5448  min     │
  │  P95   abs error                              10.6944  min     │
  │  MAPE  (mean abs % error)                      212.70  %       │
  │  R²                            0.9523   ███████████████████          │
  ├─  Feature importance  (mean |W₁| per input)  ─────────────────────┤
  │   1. PART_HAS_LETTER            ███████████████████████   100.0%  0.4029  │
  │   2. GCSD_sqrt                  ██████████████████████     93.2%  0.3755  │
  │   3. ADJ_log                    ██████████████████████     92.4%  0.3725  │
  │   4. GCSD_log                   ██████████████████████     91.9%  0.3702  │
  │   5. PART_LEN                   █████████████████████      90.4%  0.3643  │
  │   6. ADJ_sqrt                   ███████████████████        82.3%  0.3315  │
  │   7. GCSD_x_ADJ                 ██████████████████         77.1%  0.3107  │
  │   8. PART_DIGITS                █████████████████          73.6%  0.2966  │
  │   9. GCSD                       █████████████████          72.6%  0.2925  │
  │  10. ADJ.                       █████████████████          72.0%  0.2901  │
  └──────────────────────────────────────────────────────────────────┘

  💾 Model saved → models\TOTAL_values_GCSD/model.pkl
  ── TOTAL values GCSD check ──
  Total rows          : 14
  Passed (pred ≤ ref) :    5  (35.7%)
  Passed (pred ≤ +5%) :    5  (35.7%)
  Match (±2%)         :    0  (0.0%)
  Failed              :    9  (64.3%)
  Top-5 worst (over-predictions):
    row_local= 13  ref=3.1518  pred=5.8276  diff=+2.6758  (+84.9%)
    row_local=  4  ref=3.1518  pred=5.8276  diff=+2.6758  (+84.9%)
    row_local= 10  ref=2.7312  pred=5.3268  diff=+2.5956  (+95.0%)
    row_local=  0  ref=0.2940  pred=2.8387  diff=+2.5448  (+865.7%)
    row_local=  7  ref=0.2940  pred=2.8387  diff=+2.5448  (+865.7%)

  ======================================================================
  Sheet: LEAD PREP
  ======================================================================
  Строк всего: 155, с данными: 23
  Epoch  200/2000  │  Train MSE 0.252873  │  Val MSE 0.016629  │    0.1s elapsed
  Epoch  400/2000  │  Train MSE 0.072092  │  Val MSE 0.063486  │    0.1s elapsed
  Epoch  600/2000  │  Train MSE 0.057830  │  Val MSE 0.023335  │    0.2s elapsed
  Epoch  800/2000  │  Train MSE 0.116463  │  Val MSE 0.031517  │    0.2s elapsed
  Epoch 1000/2000  │  Train MSE 0.082305  │  Val MSE 0.073019  │    0.3s elapsed
  Epoch 1200/2000  │  Train MSE 0.112229  │  Val MSE 0.111318  │    0.3s elapsed
  Epoch 1400/2000  │  Train MSE 0.048662  │  Val MSE 0.145096  │    0.4s elapsed
  Epoch 1600/2000  │  Train MSE 0.085544  │  Val MSE 0.114340  │    0.4s elapsed
  Epoch 1800/2000  │  Train MSE 0.029230  │  Val MSE 0.044703  │    0.5s elapsed
  Epoch 2000/2000  │  Train MSE 0.022334  │  Val MSE 0.085426  │    0.5s elapsed

  📊  LOSS CURVE   T = Train   V = Val   ✪ = overlap

   1.64940 ┤
           │      V                                                  T 
           │   V   T                                                   
           │ V    T                                                    
           │    ✪                                                      
           │ V  T                                                      
           │ V  T                                                      
           │  VT                                                       
           │   ✪                                                       
           │ V    T                                                    
           │ ✪                                                         
           │ ✪                                                         
           │ VT                                                        
           │   VT                                                      
           │  V   T                                                    
           │  V T                                                      
           │ VT                                                        
           │  TV                                                       
           │ T  V                                                      
           │  VT                                                       
           │  ✪                                                        
           │    ✪                                                      
           │    ✪                                                      
           │  TV                                                       
           │ T V                                                       
           │ T  V                                                      
           │  T V                                                      
           │ T V                                                       
           │ T V                                                       
           │   TV                                                      
           │ T V                                                       
           │ TV                                                        
           │ T  V                                                      
           │  TV                                                       
           │   ✪                                                       
           │ T V                                                       
           │ T V                                                       
   0.00145 ┤
           └─────────────────────────────▶  epochs


  ┌──────────────────────────────────────────────────────────────────┐
  │                 🧠  NEURAL NETWORK TRAINING REPORT                │
  │                        2026-05-28  00:11:34                      │
  ├──────────────────────────────────────────────────────────────────┤
  ├─  Architecture  ──────────────────────────────────────────────────┤
  │  Input features                                    10          │
  │  Hidden layers                           64 → 32 → 16          │
  │  Output                               1  (regression)          │
  │  Activation                         ReLU + linear out          │
  │  Optimizer                     Adam  β₁=0.9  β₂=0.999          │
  │  Dropout rate                                     15%          │
  │  Training time                                    0.5  sec     │
  ├─  Dataset split  ─────────────────────────────────────────────────┤
  │  Total samples                                     23          │
  │  Training samples                                  19          │
  │  Validation samples                                 4          │
  ├─  Loss history  (MSE, normalised space)  ─────────────────────────┤
  │  Initial  train MSE                          1.649402          │
  │  Final    train MSE                          0.022334          │
  │  Initial  val   MSE                          0.174335          │
  │  Final    val   MSE                          0.085426          │
  │  Best     val   MSE                          0.001220          │
  │  Best epoch                                       516          │
  │  Train loss reduction                            98.6  %       │
  │  Overfit index (val-tr)/tr                     +282.5  %       │
  ├─  Metrics — Train  (n=19, denormalised values)  ──────────────────┤
  │  MAE   (mean abs error)                        5.9396  min     │
  │  RMSE  (root mean sq error)                    8.1449  min     │
  │  Median abs error                              5.0104  min     │
  │  P95   abs error                              17.1626  min     │
  │  MAPE  (mean abs % error)                       51.32  %       │
  │  R²                            0.9716   ███████████████████          │
  ├─  Metrics — Val    (n=4, denormalised values)  ───────────────────┤
  │  MAE   (mean abs error)                        9.4506  min     │
  │  RMSE  (root mean sq error)                   15.5603  min     │
  │  Median abs error                              3.3361  min     │
  │  P95   abs error                              26.8235  min     │
  │  MAPE  (mean abs % error)                        8.00  %       │
  │  R²                            0.9277   ██████████████████          │
  ├─  Metrics — Full   (n=23, denormalised values)  ──────────────────┤
  │  MAE   (mean abs error)                        6.5502  min     │
  │  RMSE  (root mean sq error)                    9.8444  min     │
  │  Median abs error                              5.0104  min     │
  │  P95   abs error                              24.3418  min     │
  │  MAPE  (mean abs % error)                       43.79  %       │
  │  R²                            0.9658   ███████████████████          │
  ├─  Feature importance  (mean |W₁| per input)  ─────────────────────┤
  │   1. CAT_HAS_LETTERS            ███████████████████████   100.0%  0.4029  │
  │   2. QTY_log                    ██████████████████████     95.3%  0.3839  │
  │   3. GCSP_sqrt                  █████████████████████      89.4%  0.3602  │
  │   4. GCSP_log                   ████████████████████       86.8%  0.3497  │
  │   5. CAT_LEN                    ████████████████████       86.2%  0.3474  │
  │   6. QTY_sqrt                   ███████████████████        83.1%  0.3346  │
  │   7. GCSP_x_QTY                 ███████████████████        81.6%  0.3287  │
  │   8. CAT_DIGITS                 ██████████████████         77.9%  0.3140  │
  │   9. QTY                        █████████████████          74.0%  0.2980  │
  │  10. GCSP                       ████████████████           68.7%  0.2766  │
  └──────────────────────────────────────────────────────────────────┘

  💾 Model saved → models\LEAD_PREP/model.pkl
  ── LEAD PREP check ──
  Total rows          : 23
  Passed (pred ≤ ref) :   10  (43.5%)
  Passed (pred ≤ +5%) :   11  (47.8%)
  Match (±2%)         :    2  (8.7%)
  Failed              :   13  (56.5%)
  Top-5 worst (over-predictions):
    row_local= 14  ref=4.4600  pred=10.1502  diff=+5.6902  (+127.6%)
    row_local= 15  ref=5.0000  pred=10.4431  diff=+5.4431  (+108.9%)
    row_local=  9  ref=6.2000  pred=11.6427  diff=+5.4427  (+87.8%)
    row_local=  0  ref=5.2600  pred=10.5824  diff=+5.3224  (+101.2%)
    row_local= 13  ref=4.4600  pred=9.7244  diff=+5.2644  (+118.0%)

  ======================================================================
  Sheet: LEAD PREP FA
  ======================================================================
  Строк всего: 229, с данными: 1
  ⚠️  Недостаточно данных (1 строк), пропуск.

  ======================================================================
  Sheet: High Voltage
  ======================================================================
  Строк всего: 66, с данными: 0
  ⚠️  Недостаточно данных (0 строк), пропуск.

  ======================================================================
  Sheet: FA Conns and wires
  ======================================================================
  Строк всего: 91, с данными: 16
  Epoch  200/2000  │  Train MSE 0.087247  │  Val MSE 0.615218  │    0.1s elapsed
  Epoch  400/2000  │  Train MSE 0.085552  │  Val MSE 0.430744  │    0.1s elapsed
  Epoch  600/2000  │  Train MSE 0.018234  │  Val MSE 0.421271  │    0.2s elapsed
  Epoch  800/2000  │  Train MSE 0.014638  │  Val MSE 0.503385  │    0.2s elapsed
  Epoch 1000/2000  │  Train MSE 0.056147  │  Val MSE 0.362784  │    0.3s elapsed
  Epoch 1200/2000  │  Train MSE 0.021190  │  Val MSE 0.314489  │    0.3s elapsed
  Epoch 1400/2000  │  Train MSE 0.015682  │  Val MSE 0.267794  │    0.4s elapsed
  Epoch 1600/2000  │  Train MSE 0.018654  │  Val MSE 0.362723  │    0.4s elapsed
  Epoch 1800/2000  │  Train MSE 0.018699  │  Val MSE 0.290912  │    0.5s elapsed
  Epoch 2000/2000  │  Train MSE 0.011108  │  Val MSE 0.296837  │    0.6s elapsed

  📊  LOSS CURVE   T = Train   V = Val   ✪ = overlap

   2.03171 ┤
           │                                                   T     V 
           │       T            V                                      
           │ T                 V                                       
           │  T                V                                       
           │  T              V                                         
           │   T         V                                             
           │  T             V                                          
           │   T        V                                              
           │  T          V                                             
           │   T          V                                            
           │   T          V                                            
           │ T            V                                            
           │ T           V                                             
           │ T         V                                               
           │ T            V                                            
           │ T          V                                              
           │ T          V                                              
           │ T      V                                                  
           │ T           V                                             
           │   T      V                                                
           │ T         V                                               
           │ T       V                                                 
           │ T        V                                                
           │ T       V                                                 
           │ T      V                                                  
           │ T      V                                                  
           │ T     V                                                   
           │     T   V                                                 
           │ T        V                                                
           │ T         V                                               
           │ T      V                                                  
           │ T        V                                                
           │ T      V                                                  
           │ T       V                                                 
           │  T      V                                                 
           │ T       V                                                 
   0.00785 ┤
           └─────────────────────────────▶  epochs


  ┌──────────────────────────────────────────────────────────────────┐
  │                 🧠  NEURAL NETWORK TRAINING REPORT                │
  │                        2026-05-28  00:11:35                      │
  ├──────────────────────────────────────────────────────────────────┤
  ├─  Architecture  ──────────────────────────────────────────────────┤
  │  Input features                                    10          │
  │  Hidden layers                           64 → 32 → 16          │
  │  Output                               1  (regression)          │
  │  Activation                         ReLU + linear out          │
  │  Optimizer                     Adam  β₁=0.9  β₂=0.999          │
  │  Dropout rate                                     15%          │
  │  Training time                                    0.6  sec     │
  ├─  Dataset split  ─────────────────────────────────────────────────┤
  │  Total samples                                     16          │
  │  Training samples                                  13          │
  │  Validation samples                                 3          │
  ├─  Loss history  (MSE, normalised space)  ─────────────────────────┤
  │  Initial  train MSE                          1.805788          │
  │  Final    train MSE                          0.011108          │
  │  Initial  val   MSE                          2.031709          │
  │  Final    val   MSE                          0.296837          │
  │  Best     val   MSE                          0.180012          │
  │  Best epoch                                      1737          │
  │  Train loss reduction                            99.4  %       │
  │  Overfit index (val-tr)/tr                    +2572.2  %       │
  ├─  Metrics — Train  (n=13, denormalised values)  ──────────────────┤
  │  MAE   (mean abs error)                       10.2387  min     │
  │  RMSE  (root mean sq error)                   15.1668  min     │
  │  Median abs error                              8.9514  min     │
  │  P95   abs error                              27.1652  min     │
  │  MAPE  (mean abs % error)                       37.05  %       │
  │  R²                            0.9722   ███████████████████          │
  ├─  Metrics — Val    (n=3, denormalised values)  ───────────────────┤
  │  MAE   (mean abs error)                       48.8174  min     │
  │  RMSE  (root mean sq error)                   57.6663  min     │
  │  Median abs error                             67.2746  min     │
  │  P95   abs error                              72.9824  min     │
  │  MAPE  (mean abs % error)                       52.68  %       │
  │  R²                            0.8124   ████████████████          │
  ├─  Metrics — Full   (n=16, denormalised values)  ──────────────────┤
  │  MAE   (mean abs error)                       17.4722  min     │
  │  RMSE  (root mean sq error)                   28.4678  min     │
  │  Median abs error                              8.9848  min     │
  │  P95   abs error                              68.8601  min     │
  │  MAPE  (mean abs % error)                       39.98  %       │
  │  R²                            0.9277   ██████████████████          │
  ├─  Feature importance  (mean |W₁| per input)  ─────────────────────┤
  │   1. CAT_HAS_LETTERS            ███████████████████████   100.0%  0.4029  │
  │   2. QTY_log                    ██████████████████████     94.2%  0.3794  │
  │   3. GCSP_sqrt                  █████████████████████      91.6%  0.3691  │
  │   4. GCSP_log                   █████████████████████      88.0%  0.3546  │
  │   5. CAT_LEN                    █████████████████████      87.9%  0.3542  │
  │   6. QTY_sqrt                   ████████████████████       83.9%  0.3379  │
  │   7. GCSP_x_QTY                 ██████████████████         78.8%  0.3176  │
  │   8. CAT_DIGITS                 ██████████████████         77.1%  0.3107  │
  │   9. QTY                        █████████████████          74.3%  0.2993  │
  │  10. GCSP                       ████████████████           68.3%  0.2751  │
  └──────────────────────────────────────────────────────────────────┘

  💾 Model saved → models\FA_Conns_and_wires/model.pkl
  ── FA Conns and wires check ──
  Total rows          : 16
  Passed (pred ≤ ref) :    7  (43.8%)
  Passed (pred ≤ +5%) :    8  (50.0%)
  Match (±2%)         :    1  (6.2%)
  Failed              :    9  (56.2%)
  Top-5 worst (over-predictions):
    row_local=  8  ref=12.8600  pred=24.9578  diff=+12.0978  (+94.1%)
    row_local=  7  ref=15.0000  pred=25.1913  diff=+10.1913  (+67.9%)
    row_local=  2  ref=27.0000  pred=36.2383  diff=+9.2383  (+34.2%)
    row_local= 14  ref=5.2200  pred=14.2381  diff=+9.0181  (+172.8%)
    row_local= 13  ref=20.0000  pred=28.9514  diff=+8.9514  (+44.8%)

  ======================================================================
  Sheet: FA Taping
  ======================================================================
  Строк всего: 69, с данными: 14
  Epoch  200/2000  │  Train MSE 0.091937  │  Val MSE 0.005631  │    0.1s elapsed
  Epoch  400/2000  │  Train MSE 0.027110  │  Val MSE 0.024860  │    0.1s elapsed
  Epoch  600/2000  │  Train MSE 0.083598  │  Val MSE 0.033765  │    0.2s elapsed
  Epoch  800/2000  │  Train MSE 0.065063  │  Val MSE 0.050998  │    0.3s elapsed
  Epoch 1000/2000  │  Train MSE 0.191395  │  Val MSE 0.045521  │    0.3s elapsed
  Epoch 1200/2000  │  Train MSE 0.073620  │  Val MSE 0.052332  │    0.4s elapsed
  Epoch 1400/2000  │  Train MSE 0.031167  │  Val MSE 0.056886  │    0.4s elapsed
  Epoch 1600/2000  │  Train MSE 0.068947  │  Val MSE 0.054002  │    0.5s elapsed
  Epoch 1800/2000  │  Train MSE 0.040646  │  Val MSE 0.054226  │    0.5s elapsed
  Epoch 2000/2000  │  Train MSE 0.597735  │  Val MSE 0.059659  │    0.6s elapsed

  📊  LOSS CURVE   T = Train   V = Val   ✪ = overlap

   2.02980 ┤
           │                                                    V    T 
           │ V  T                                                      
           │ V                   T                                     
           │ V                 T                                       
           │ V        T                                                
           │ V         T                                               
           │ V T                                                       
           │ ✪                                                         
           │ ✪                                                         
           │  V  T                                                     
           │ V   T                                                     
           │ V T                                                       
           │ TV                                                        
           │  V     T                                                  
           │  ✪                                                        
           │ TV                                                        
           │ TV                                                        
           │  ✪                                                        
           │ TV                                                        
           │ TV                                                        
           │ TV                                                        
           │  VT                                                       
           │  VT                                                       
           │  ✪                                                        
           │ TV                                                        
           │  V               T                                        
           │  VT                                                       
           │  ✪                                                        
           │  ✪                                                        
           │  V  T                                                     
           │  ✪                                                        
           │  VT                                                       
           │  ✪                                                        
           │  VT                                                       
           │  VT                                                       
           │  V              T                                         
   0.00167 ┤
           └─────────────────────────────▶  epochs


  ┌──────────────────────────────────────────────────────────────────┐
  │                 🧠  NEURAL NETWORK TRAINING REPORT                │
  │                        2026-05-28  00:11:35                      │
  ├──────────────────────────────────────────────────────────────────┤
  ├─  Architecture  ──────────────────────────────────────────────────┤
  │  Input features                                    10          │
  │  Hidden layers                           64 → 32 → 16          │
  │  Output                               1  (regression)          │
  │  Activation                         ReLU + linear out          │
  │  Optimizer                     Adam  β₁=0.9  β₂=0.999          │
  │  Dropout rate                                     15%          │
  │  Training time                                    0.6  sec     │
  ├─  Dataset split  ─────────────────────────────────────────────────┤
  │  Total samples                                     14          │
  │  Training samples                                  12          │
  │  Validation samples                                 2          │
  ├─  Loss history  (MSE, normalised space)  ─────────────────────────┤
  │  Initial  train MSE                          2.029803          │
  │  Final    train MSE                          0.597735          │
  │  Initial  val   MSE                          1.838847          │
  │  Final    val   MSE                          0.059659          │
  │  Best     val   MSE                          0.000093          │
  │  Best epoch                                        62          │
  │  Train loss reduction                            70.6  %       │
  │  Overfit index (val-tr)/tr                      -90.0  %       │
  ├─  Metrics — Train  (n=12, denormalised values)  ──────────────────┤
  │  MAE   (mean abs error)                       13.3910  min     │
  │  RMSE  (root mean sq error)                   28.8898  min     │
  │  Median abs error                              7.5438  min     │
  │  P95   abs error                              49.4224  min     │
  │  MAPE  (mean abs % error)                       65.78  %       │
  │  R²                            0.9691   ███████████████████          │
  ├─  Metrics — Val    (n=2, denormalised values)  ───────────────────┤
  │  MAE   (mean abs error)                       36.5739  min     │
  │  RMSE  (root mean sq error)                   37.6855  min     │
  │  Median abs error                             36.5739  min     │
  │  P95   abs error                              44.7510  min     │
  │  MAPE  (mean abs % error)                      327.28  %       │
  │  R²                                     -4527.6938             │
  ├─  Metrics — Full   (n=14, denormalised values)  ──────────────────┤
  │  MAE   (mean abs error)                       16.7028  min     │
  │  RMSE  (root mean sq error)                   30.3030  min     │
  │  Median abs error                              8.6611  min     │
  │  P95   abs error                              63.8036  min     │
  │  MAPE  (mean abs % error)                      103.13  %       │
  │  R²                            0.9614   ███████████████████          │
  ├─  Feature importance  (mean |W₁| per input)  ─────────────────────┤
  │   1. CAT_HAS_LETTERS            ███████████████████████   100.0%  0.4029  │
  │   2. QTY_log                    ███████████████████████    97.1%  0.3914  │
  │   3. CAT_LEN                    ██████████████████████     92.5%  0.3728  │
  │   4. GCSP_log                   █████████████████████      90.7%  0.3655  │
  │   5. GCSP_sqrt                  █████████████████████      90.4%  0.3641  │
  │   6. QTY_sqrt                   ███████████████████        83.1%  0.3347  │
  │   7. GCSP_x_QTY                 ███████████████████        79.2%  0.3191  │
  │   8. CAT_DIGITS                 ██████████████████         76.6%  0.3084  │
  │   9. QTY                        █████████████████          71.7%  0.2891  │
  │  10. GCSP                       ████████████████           70.0%  0.2819  │
  └──────────────────────────────────────────────────────────────────┘

  💾 Model saved → models\FA_Taping/model.pkl
  ── FA Taping check ──
  Total rows          : 14
  Passed (pred ≤ ref) :    4  (28.6%)
  Passed (pred ≤ +5%) :    5  (35.7%)
  Match (±2%)         :    2  (14.3%)
  Failed              :   10  (71.4%)
  Top-5 worst (over-predictions):
    row_local=  6  ref=10.7800  pred=56.4396  diff=+45.6596  (+423.6%)
    row_local=  7  ref=11.9000  pred=39.3882  diff=+27.4882  (+231.0%)
    row_local=  1  ref=12.4000  pred=22.1562  diff=+9.7562  (+78.7%)
    row_local= 13  ref=5.6900  pred=14.4872  diff=+8.7972  (+154.6%)
    row_local= 11  ref=3.2160  pred=12.0033  diff=+8.7873  (+273.2%)

  ======================================================================
  Sheet: FA Miscellaneos
  ======================================================================
  Строк всего: 126, с данными: 32
  Epoch  200/2000  │  Train MSE 0.156927  │  Val MSE 0.069973  │    0.1s elapsed
  Epoch  400/2000  │  Train MSE 0.191617  │  Val MSE 0.140401  │    0.1s elapsed
  Epoch  600/2000  │  Train MSE 0.038443  │  Val MSE 0.126396  │    0.2s elapsed
  Epoch  800/2000  │  Train MSE 0.043293  │  Val MSE 0.159173  │    0.2s elapsed
  Epoch 1000/2000  │  Train MSE 0.025781  │  Val MSE 0.135538  │    0.3s elapsed
  Epoch 1200/2000  │  Train MSE 0.055409  │  Val MSE 0.111047  │    0.3s elapsed
  Epoch 1400/2000  │  Train MSE 0.024102  │  Val MSE 0.143962  │    0.4s elapsed
  Epoch 1600/2000  │  Train MSE 0.025589  │  Val MSE 0.129227  │    0.5s elapsed
  Epoch 1800/2000  │  Train MSE 0.024469  │  Val MSE 0.107552  │    0.5s elapsed
  Epoch 2000/2000  │  Train MSE 0.026020  │  Val MSE 0.114302  │    0.6s elapsed

  📊  LOSS CURVE   T = Train   V = Val   ✪ = overlap

   1.70837 ┤
           │                                           T             V 
           │       VT                                                  
           │   V      T                                                
           │  ✪                                                        
           │   T V                                                     
           │  TV                                                       
           │    V  T                                                   
           │     VT                                                    
           │    TV                                                     
           │   TV                                                      
           │   T V                                                     
           │ T   V                                                     
           │    V       T                                              
           │  T  V                                                     
           │ T   V                                                     
           │ T   V                                                     
           │  TV                                                       
           │    VT                                                     
           │ T V                                                       
           │  T  V                                                     
           │   T V                                                     
           │  T V                                                      
           │ T  V                                                      
           │ T  V                                                      
           │ T  V                                                      
           │ T  V                                                      
           │    ✪                                                      
           │ T V                                                       
           │ T  V                                                      
           │ T  V                                                      
           │     V T                                                   
           │ T  V                                                      
           │ T V                                                       
           │ T V                                                       
           │  T V                                                      
           │ T  V                                                      
   0.01872 ┤
           └─────────────────────────────▶  epochs


  ┌──────────────────────────────────────────────────────────────────┐
  │                 🧠  NEURAL NETWORK TRAINING REPORT                │
  │                        2026-05-28  00:11:37                      │
  ├──────────────────────────────────────────────────────────────────┤
  ├─  Architecture  ──────────────────────────────────────────────────┤
  │  Input features                                    10          │
  │  Hidden layers                           64 → 32 → 16          │
  │  Output                               1  (regression)          │
  │  Activation                         ReLU + linear out          │
  │  Optimizer                     Adam  β₁=0.9  β₂=0.999          │
  │  Dropout rate                                     15%          │
  │  Training time                                    0.6  sec     │
  ├─  Dataset split  ─────────────────────────────────────────────────┤
  │  Total samples                                     32          │
  │  Training samples                                  26          │
  │  Validation samples                                 6          │
  ├─  Loss history  (MSE, normalised space)  ─────────────────────────┤
  │  Initial  train MSE                          1.272258          │
  │  Final    train MSE                          0.026020          │
  │  Initial  val   MSE                          1.708373          │
  │  Final    val   MSE                          0.114302          │
  │  Best     val   MSE                          0.035790          │
  │  Best epoch                                       161          │
  │  Train loss reduction                            98.0  %       │
  │  Overfit index (val-tr)/tr                     +339.3  %       │
  ├─  Metrics — Train  (n=26, denormalised values)  ──────────────────┤
  │  MAE   (mean abs error)                        6.0286  min     │
  │  RMSE  (root mean sq error)                    9.3541  min     │
  │  Median abs error                              4.6502  min     │
  │  P95   abs error                              20.9617  min     │
  │  MAPE  (mean abs % error)                       48.52  %       │
  │  R²                            0.9848   ███████████████████          │
  ├─  Metrics — Val    (n=6, denormalised values)  ───────────────────┤
  │  MAE   (mean abs error)                       17.3134  min     │
  │  RMSE  (root mean sq error)                   24.6105  min     │
  │  Median abs error                              7.4827  min     │
  │  P95   abs error                              42.3878  min     │
  │  MAPE  (mean abs % error)                       62.82  %       │
  │  R²                            0.8112   ████████████████          │
  ├─  Metrics — Full   (n=32, denormalised values)  ──────────────────┤
  │  MAE   (mean abs error)                        8.1445  min     │
  │  RMSE  (root mean sq error)                   13.5889  min     │
  │  Median abs error                              4.7511  min     │
  │  P95   abs error                              36.3180  min     │
  │  MAPE  (mean abs % error)                       51.20  %       │
  │  R²                            0.9652   ███████████████████          │
  ├─  Feature importance  (mean |W₁| per input)  ─────────────────────┤
  │   1. CAT_HAS_LETTERS            ███████████████████████   100.0%  0.4029  │
  │   2. QTY_log                    ██████████████████████     92.2%  0.3713  │
  │   3. GCSP_sqrt                  █████████████████████      91.3%  0.3678  │
  │   4. CAT_LEN                    █████████████████████      87.9%  0.3541  │
  │   5. GCSP_log                   ████████████████████       87.5%  0.3524  │
  │   6. GCSP_x_QTY                 ████████████████████       86.9%  0.3503  │
  │   7. QTY_sqrt                   ████████████████████       83.5%  0.3365  │
  │   8. CAT_DIGITS                 ██████████████████         76.5%  0.3083  │
  │   9. QTY                        ████████████████           70.4%  0.2838  │
  │  10. GCSP                       ████████████████           66.9%  0.2695  │
  └──────────────────────────────────────────────────────────────────┘

  💾 Model saved → models\FA_Miscellaneos/model.pkl
  ── FA Miscellaneos check ──
  Total rows          : 32
  Passed (pred ≤ ref) :   12  (37.5%)
  Passed (pred ≤ +5%) :   17  (53.1%)
  Match (±2%)         :    6  (18.8%)
  Failed              :   20  (62.5%)
  Top-5 worst (over-predictions):
    row_local= 30  ref=7.9350  pred=14.8098  diff=+6.8748  (+86.6%)
    row_local= 23  ref=2.8000  pred=9.3714  diff=+6.5714  (+234.7%)
    row_local= 19  ref=2.8000  pred=9.3714  diff=+6.5714  (+234.7%)
    row_local=  8  ref=7.8540  pred=13.8277  diff=+5.9737  (+76.1%)
    row_local= 10  ref=4.2000  pred=10.1418  diff=+5.9418  (+141.5%)

  ══════════════════════════════════════════════════════════════════════
                            📋  SESSION SUMMARY                          
  ══════════════════════════════════════════════════════════════════════

  ┌──────────────────────────────────────────────────────────────────────────────────────────────────────┐
  │  Sheet                          N      MAE     R²   Pass≤ref%   Pass≤+5%%        Status  │
  ├──────────────────────────────────────────────────────────────────────────────────────────────────────┤
  │  CUTTING                      575   3.2069 0.8382       37.7%       41.9%     ✅ trained  │
  │  TOTAL values GCSD             14   3.8786 0.9523       35.7%       35.7%     ✅ trained  │
  │  LEAD PREP                     23   6.5502 0.9658       43.5%       47.8%     ✅ trained  │
  │  LEAD PREP FA                   1      —      —           —           —     ⚠️  skipped  │
  │  High Voltage                   0      —      —           —           —     ⚠️  skipped  │
  │  FA Conns and wires            16  17.4722 0.9277       43.8%       50.0%     ✅ trained  │
  │  FA Taping                     14  16.7028 0.9614       28.6%       35.7%     ✅ trained  │
  │  FA Miscellaneos               32   8.1445 0.9652       37.5%       53.1%     ✅ trained  │
  └──────────────────────────────────────────────────────────────────────────────────────────────────────┘

  Средний MAE : 9.3259 мин
  Средний R²  : 0.9351
  Среднее Pass≤ref: 37.8%
  Среднее Pass≤+5%: 44.0%

  ✅  Обучение завершено.
  ⏱  Всего: 8.6 сек
  📁  Лог: logs/training.log
  ══════════════════════════════════════════════════════════════════════


  ══════════════════════════════════════════════════════════════════════
                🚀  TRAINING SESSION (Wire-by-Wire Concept)              
                      Started: 2026-06-02  11:43:45                     
                            File: K0_old.xlsx                           
  ══════════════════════════════════════════════════════════════════════

  ======================================================================
  Sheet: CUTTING  (Wire-by-Wire Training)
  ======================================================================

  Концепт: каждая строка I3..I681 — отдельный провод/операция.
  Подставляем QTY=1, цель = Global Sec/Pc (время на шт).
  Признаки: Min Gage, Max Gage, Min Length, Max Length.

  Строк с валидными параметрами (GCSP > 0): 575
  GCSP — mean=10.6258  std=16.9870  min=0.6100  max=129.3000

  Пример активации строк (QTY=1):
    Строка   3 | Gage [0.3–5.0] | Len [50–1000] | GCSP=1.2301 → TOTAL TIME = 1.2301 мин
    Строка   4 | Gage [0.3–5.0] | Len [1001–1500] | GCSP=1.7051 → TOTAL TIME = 1.7051 мин
    Строка   5 | Gage [0.3–5.0] | Len [1501–2000] | GCSP=2.2101 → TOTAL TIME = 2.2101 мин
    Строка   6 | Gage [0.3–5.0] | Len [2001–2500] | GCSP=2.7451 → TOTAL TIME = 2.7451 мин
    Строка   7 | Gage [0.3–5.0] | Len [2501–3000] | GCSP=3.3101 → TOTAL TIME = 3.3101 мин

  Epoch  200/3000  │  Train MSE 0.611075  │  Val MSE 0.401308  │    0.2s elapsed
  Epoch  400/3000  │  Train MSE 0.483100  │  Val MSE 0.406346  │    0.4s elapsed
  Epoch  600/3000  │  Train MSE 0.521437  │  Val MSE 0.346401  │    0.6s elapsed
  Epoch  800/3000  │  Train MSE 0.387670  │  Val MSE 0.257209  │    0.8s elapsed
  Epoch 1000/3000  │  Train MSE 0.290387  │  Val MSE 0.152520  │    1.0s elapsed
  Epoch 1200/3000  │  Train MSE 0.313602  │  Val MSE 0.118209  │    1.1s elapsed
  Epoch 1400/3000  │  Train MSE 0.253392  │  Val MSE 0.114146  │    1.3s elapsed
  Epoch 1600/3000  │  Train MSE 0.257109  │  Val MSE 0.107879  │    1.5s elapsed
  Epoch 1800/3000  │  Train MSE 0.243547  │  Val MSE 0.113690  │    1.7s elapsed
  Epoch 2000/3000  │  Train MSE 0.257592  │  Val MSE 0.116703  │    1.9s elapsed
  Epoch 2200/3000  │  Train MSE 0.212743  │  Val MSE 0.110845  │    2.1s elapsed
  Epoch 2400/3000  │  Train MSE 0.180549  │  Val MSE 0.105381  │    2.3s elapsed
  Epoch 2600/3000  │  Train MSE 0.268434  │  Val MSE 0.114814  │    2.5s elapsed
  Epoch 2800/3000  │  Train MSE 0.195484  │  Val MSE 0.119464  │    2.7s elapsed
  Epoch 3000/3000  │  Train MSE 0.183261  │  Val MSE 0.099469  │    2.9s elapsed

  📊  LOSS CURVE   T = Train   V = Val   ✪ = overlap

   2.97573 ┤
           │                                                       T V 
           │       V   T                                               
           │       V   T                                               
           │       V  T                                                
           │      V   T                                                
           │      V T                                                  
           │      V T                                                  
           │     V   T                                                 
           │     ✪                                                     
           │    V    T                                                 
           │   V   T                                                   
           │  V  T                                                     
           │ V    T                                                    
           │ V   T                                                     
           │ V   T                                                     
           │ V   T                                                     
           │ V   T                                                     
           │ V   T                                                     
           │ V  T                                                      
           │ V T                                                       
           │ V T                                                       
           │ V T                                                       
           │ V  T                                                      
           │ V T                                                       
           │ V T                                                       
           │ V  T                                                      
           │ V T                                                       
           │ V  T                                                      
           │ VT                                                        
           │ V   T                                                     
           │ V T                                                       
           │ V T                                                       
           │ V  T                                                      
           │ V T                                                       
           │ V  T                                                      
           │ VT                                                        
   0.09947 ┤
           └─────────────────────────────▶  epochs


  ┌──────────────────────────────────────────────────────────────────┐
  │                 🧠  NEURAL NETWORK TRAINING REPORT                │
  │                        2026-06-02  11:43:48                      │
  ├──────────────────────────────────────────────────────────────────┤
  ├─  Architecture  ──────────────────────────────────────────────────┤
  │  Input features                                    19          │
  │  Hidden layers                           64 → 32 → 16          │
  │  Output                               1  (regression)          │
  │  Activation                         ReLU + linear out          │
  │  Optimizer                     Adam  β₁=0.9  β₂=0.999          │
  │  Dropout rate                                     15%          │
  │  Training time                                    2.9  sec     │
  ├─  Dataset split  ─────────────────────────────────────────────────┤
  │  Total samples                                    575          │
  │  Training samples                                 460          │
  │  Validation samples                               115          │
  ├─  Loss history  (MSE, normalised space)  ─────────────────────────┤
  │  Initial  train MSE                          2.839875          │
  │  Final    train MSE                          0.183261          │
  │  Initial  val   MSE                          2.975734          │
  │  Final    val   MSE                          0.099469          │
  │  Best     val   MSE                          0.092787          │
  │  Best epoch                                      2861          │
  │  Train loss reduction                            93.5  %       │
  │  Overfit index (val-tr)/tr                      -45.7  %       │
  ├─  Metrics — Train  (n=460, denormalised values)  ─────────────────┤
  │  MAE   (mean abs error)                        3.0162  min     │
  │  RMSE  (root mean sq error)                    6.9226  min     │
  │  Median abs error                              1.4296  min     │
  │  P95   abs error                              11.3333  min     │
  │  MAPE  (mean abs % error)                       54.62  %       │
  │  R²                            0.8459   ████████████████          │
  ├─  Metrics — Val    (n=115, denormalised values)  ─────────────────┤
  │  MAE   (mean abs error)                        2.6437  min     │
  │  RMSE  (root mean sq error)                    5.3575  min     │
  │  Median abs error                              1.4632  min     │
  │  P95   abs error                              12.3703  min     │
  │  MAPE  (mean abs % error)                       58.31  %       │
  │  R²                            0.8533   █████████████████          │
  ├─  Metrics — Full   (n=575, denormalised values)  ─────────────────┤
  │  MAE   (mean abs error)                        2.9417  min     │
  │  RMSE  (root mean sq error)                    6.6392  min     │
  │  Median abs error                              1.4350  min     │
  │  P95   abs error                              11.4373  min     │
  │  MAPE  (mean abs % error)                       55.36  %       │
  │  R²                            0.8472   ████████████████          │
  ├─  Feature importance  (mean |W₁| per input)  ─────────────────────┤
  │   1. min_gage_log               ███████████████████████   100.0%  0.3095  │
  │   2. len_range                  ██████████████████████     95.3%  0.2949  │
  │   3. max_gage_sqrt              ██████████████████████     95.1%  0.2944  │
  │   4. gage_x_maxlen              ██████████████████████     93.6%  0.2896  │
  │   5. max_len                    ██████████████████████     91.9%  0.2845  │
  │   6. min_len                    █████████████████████      87.7%  0.2714  │
  │   7. max_gage_log               ████████████████████       87.3%  0.2701  │
  │   8. min_len_log                ████████████████████       86.7%  0.2683  │
  │   9. max_len_log                ████████████████████       84.7%  0.2623  │
  │  10. gage_range                 ████████████████████       84.1%  0.2604  │
  │  11. mid_gage_log               ███████████████████        82.6%  0.2557  │
  │  12. mid_len                    ███████████████████        81.8%  0.2531  │
  │  13. mid_gage                   ███████████████████        80.5%  0.2492  │
  │  14. mid_len_log                ███████████████████        79.3%  0.2453  │
  │  15. gage_x_len                 ██████████████████         77.3%  0.2393  │
  │  16. max_gage                   ██████████████████         77.0%  0.2382  │
  │  17. mid_len_sqrt               ██████████████████         76.7%  0.2374  │
  │  18. max_len_sqrt               ████████████████           69.5%  0.2150  │
  │  19. min_gage                   ████████████████           67.7%  0.2094  │
  └──────────────────────────────────────────────────────────────────┘

  💾 Model saved → models\CUTTING/model.pkl
  ── CUTTING wire-by-wire check ──
  Total rows          : 575
  Passed (pred ≤ ref) :  238  (41.4%)
  Passed (pred ≤ +5%) :  280  (48.7%)
  Match (±2%)         :   31  (5.4%)
  Failed              :  337  (58.6%)
  Top-5 worst (over-predictions):
    row_local=508  ref=38.2000  pred=67.1548  diff=+28.9548  (+75.8%)
    row_local=507  ref=30.4500  pred=48.4760  diff=+18.0260  (+59.2%)
    row_local=486  ref=49.3400  pred=67.1548  diff=+17.8148  (+36.1%)
    row_local= 90  ref=2.0224  pred=18.6140  diff=+16.5916  (+820.4%)
    row_local=105  ref=2.1724  pred=18.6140  diff=+16.4416  (+756.8%)

  ======================================================================
  Sheet: TOTAL values GCSD
  ======================================================================
  Всего строк: 14
  Для обучения (с меткой): 14
  Без метки (для предсказания): 0
  Epoch  200/2000  │  Train MSE 0.156530  │  Val MSE 0.015117  │    0.0s elapsed
  Epoch  400/2000  │  Train MSE 0.103173  │  Val MSE 0.008050  │    0.1s elapsed
  Epoch  600/2000  │  Train MSE 0.085683  │  Val MSE 0.015938  │    0.1s elapsed
  Epoch  800/2000  │  Train MSE 0.032214  │  Val MSE 0.014893  │    0.2s elapsed
  Epoch 1000/2000  │  Train MSE 0.091248  │  Val MSE 0.007749  │    0.2s elapsed
  Epoch 1200/2000  │  Train MSE 0.031498  │  Val MSE 0.010717  │    0.3s elapsed
  Epoch 1400/2000  │  Train MSE 0.099828  │  Val MSE 0.012939  │    0.3s elapsed
  Epoch 1600/2000  │  Train MSE 0.018949  │  Val MSE 0.006978  │    0.3s elapsed
  Epoch 1800/2000  │  Train MSE 0.008342  │  Val MSE 0.010353  │    0.4s elapsed
  Epoch 2000/2000  │  Train MSE 0.027832  │  Val MSE 0.008724  │    0.4s elapsed

  📊  LOSS CURVE   T = Train   V = Val   ✪ = overlap

   1.78906 ┤
           │                                               V         T 
           │ V    T                                                    
           │ V   T                                                     
           │ VT                                                        
           │ V T                                                       
           │ V     T                                                   
           │ V    T                                                    
           │ V  T                                                      
           │ VT                                                        
           │ V  T                                                      
           │ V T                                                       
           │ V   T                                                     
           │ VT                                                        
           │ VT                                                        
           │ ✪                                                         
           │ VT                                                        
           │ V T                                                       
           │ V T                                                       
           │ ✪                                                         
           │ VT                                                        
           │ ✪                                                         
           │ ✪                                                         
           │ V   T                                                     
           │ VT                                                        
           │ ✪                                                         
           │ V   T                                                     
           │ VT                                                        
           │ ✪                                                         
           │ ✪                                                         
           │ ✪                                                         
           │ VT                                                        
           │ ✪                                                         
           │ ✪                                                         
           │ V T                                                       
           │ V T                                                       
           │ ✪                                                         
   0.00652 ┤
           └─────────────────────────────▶  epochs


  ┌──────────────────────────────────────────────────────────────────┐
  │                 🧠  NEURAL NETWORK TRAINING REPORT                │
  │                        2026-06-02  11:43:48                      │
  ├──────────────────────────────────────────────────────────────────┤
  ├─  Architecture  ──────────────────────────────────────────────────┤
  │  Input features                                    10          │
  │  Hidden layers                           64 → 32 → 16          │
  │  Output                               1  (regression)          │
  │  Activation                         ReLU + linear out          │
  │  Optimizer                     Adam  β₁=0.9  β₂=0.999          │
  │  Dropout rate                                     15%          │
  │  Training time                                    0.4  sec     │
  ├─  Dataset split  ─────────────────────────────────────────────────┤
  │  Total samples                                     14          │
  │  Training samples                                  12          │
  │  Validation samples                                 2          │
  ├─  Loss history  (MSE, normalised space)  ─────────────────────────┤
  │  Initial  train MSE                          1.789059          │
  │  Final    train MSE                          0.027832          │
  │  Initial  val   MSE                          1.458484          │
  │  Final    val   MSE                          0.008724          │
  │  Best     val   MSE                          0.002773          │
  │  Best epoch                                       380          │
  │  Train loss reduction                            98.4  %       │
  │  Overfit index (val-tr)/tr                      -68.7  %       │
  ├─  Metrics — Train  (n=12, denormalised values)  ──────────────────┤
  │  MAE   (mean abs error)                        4.1547  min     │
  │  RMSE  (root mean sq error)                    6.0319  min     │
  │  Median abs error                              2.1716  min     │
  │  P95   abs error                              11.8172  min     │
  │  MAPE  (mean abs % error)                      148.25  %       │
  │  R²                            0.9432   ██████████████████          │
  ├─  Metrics — Val    (n=2, denormalised values)  ───────────────────┤
  │  MAE   (mean abs error)                        2.2449  min     │
  │  RMSE  (root mean sq error)                    2.2461  min     │
  │  Median abs error                              2.2449  min     │
  │  P95   abs error                               2.3109  min     │
  │  MAPE  (mean abs % error)                      375.04  %       │
  │  R²                            0.9502   ███████████████████          │
  ├─  Metrics — Full   (n=14, denormalised values)  ──────────────────┤
  │  MAE   (mean abs error)                        3.8819  min     │
  │  RMSE  (root mean sq error)                    5.6486  min     │
  │  Median abs error                              2.1716  min     │
  │  P95   abs error                              11.8172  min     │
  │  MAPE  (mean abs % error)                      180.65  %       │
  │  R²                            0.9448   ██████████████████          │
  ├─  Feature importance  (mean |W₁| per input)  ─────────────────────┤
  │   1. PART_HAS_LETTER            ███████████████████████   100.0%  0.4029  │
  │   2. GCSD_sqrt                  ██████████████████████     93.6%  0.3773  │
  │   3. ADJ_log                    ██████████████████████     92.2%  0.3713  │
  │   4. GCSD_log                   ██████████████████████     92.1%  0.3711  │
  │   5. PART_LEN                   █████████████████████      90.2%  0.3632  │
  │   6. ADJ_sqrt                   ███████████████████        82.6%  0.3327  │
  │   7. GCSD_x_ADJ                 ██████████████████         77.8%  0.3136  │
  │   8. PART_DIGITS                █████████████████          74.7%  0.3012  │
  │   9. ADJ.                       █████████████████          72.8%  0.2932  │
  │  10. GCSD                       █████████████████          72.4%  0.2916  │
  └──────────────────────────────────────────────────────────────────┘

  💾 Model saved → models\TOTAL_values_GCSD/model.pkl
  ── TOTAL values GCSD check ──
  Total rows          : 14
  Passed (pred ≤ ref) :    5  (35.7%)
  Passed (pred ≤ +5%) :    5  (35.7%)
  Match (±2%)         :    0  (0.0%)
  Failed              :    9  (64.3%)
  Top-5 worst (over-predictions):
    row_local= 13  ref=3.1518  pred=5.5522  diff=+2.4004  (+76.2%)
    row_local=  4  ref=3.1518  pred=5.5522  diff=+2.4004  (+76.2%)
    row_local=  6  ref=20.4169  pred=22.7351  diff=+2.3182  (+11.4%)
    row_local=  7  ref=0.2940  pred=2.4656  diff=+2.1716  (+738.7%)
    row_local=  5  ref=0.2940  pred=2.4656  diff=+2.1716  (+738.7%)

  ======================================================================
  Generic Sheets  (Cross-CUTTING Augmented Training)
  ======================================================================

  Строк CUTTING для аугментации: 575
  Для каждого листа: слоты (QTY=0) × строки CUTTING = обучающие точки


  ──────────────────────────────────────────────────────────────────────
  Sheet: LEAD PREP
  ──────────────────────────────────────────────────────────────────────
  Реальных строк  : 23
  Аугментированных: 75900  (575 CUTTING × 132 слотов)
  Итого точек     : 75923
  TOTAL — mean=20.2093  std=29.2588  min=0.0100  max=225.0000

  Epoch  200/2000  │  Train MSE 0.149961  │  Val MSE 0.043990  │   35.3s elapsed
  Epoch  400/2000  │  Train MSE 0.100411  │  Val MSE 0.037834  │   69.1s elapsed
  Epoch  600/2000  │  Train MSE 0.076264  │  Val MSE 0.034180  │  102.3s elapsed
  Epoch  800/2000  │  Train MSE 0.064278  │  Val MSE 0.032923  │  135.5s elapsed
  Epoch 1000/2000  │  Train MSE 0.057629  │  Val MSE 0.033941  │  168.6s elapsed
  Epoch 1200/2000  │  Train MSE 0.054045  │  Val MSE 0.039439  │  202.0s elapsed
  Epoch 1400/2000  │  Train MSE 0.045439  │  Val MSE 0.047936  │  235.2s elapsed
  Epoch 1600/2000  │  Train MSE 0.041743  │  Val MSE 0.053539  │  268.4s elapsed
  Epoch 1800/2000  │  Train MSE 0.039738  │  Val MSE 0.051085  │  302.1s elapsed
  Epoch 2000/2000  │  Train MSE 0.038032  │  Val MSE 0.053140  │  335.8s elapsed

  📊  LOSS CURVE   T = Train   V = Val   ✪ = overlap

   4.93623 ┤
           │                                       V                 T 
           │ V  T                                                      
           │ V T                                                       
           │ VT                                                        
           │ VT                                                        
           │ VT                                                        
           │ ✪                                                         
           │ ✪                                                         
           │ ✪                                                         
           │ ✪                                                         
           │ ✪                                                         
           │ ✪                                                         
           │ ✪                                                         
           │ ✪                                                         
           │ ✪                                                         
           │ ✪                                                         
           │ ✪                                                         
           │ ✪                                                         
           │ ✪                                                         
           │ ✪                                                         
           │ ✪                                                         
           │ ✪                                                         
           │ ✪                                                         
           │ ✪                                                         
           │ ✪                                                         
           │ ✪                                                         
           │ ✪                                                         
           │ ✪                                                         
           │ ✪                                                         
           │ ✪                                                         
           │ ✪                                                         
           │ ✪                                                         
           │ ✪                                                         
           │ ✪                                                         
           │ ✪                                                         
           │ ✪                                                         
   0.02938 ┤
           └─────────────────────────────▶  epochs


  ┌──────────────────────────────────────────────────────────────────┐
  │                 🧠  NEURAL NETWORK TRAINING REPORT                │
  │                        2026-06-02  11:49:26                      │
  ├──────────────────────────────────────────────────────────────────┤
  ├─  Architecture  ──────────────────────────────────────────────────┤
  │  Input features                                    26          │
  │  Hidden layers                           64 → 32 → 16          │
  │  Output                               1  (regression)          │
  │  Activation                         ReLU + linear out          │
  │  Optimizer                     Adam  β₁=0.9  β₂=0.999          │
  │  Dropout rate                                     15%          │
  │  Training time                                  335.8  sec     │
  ├─  Dataset split  ─────────────────────────────────────────────────┤
  │  Total samples                                  75923          │
  │  Training samples                               60739          │
  │  Validation samples                             15184          │
  ├─  Loss history  (MSE, normalised space)  ─────────────────────────┤
  │  Initial  train MSE                          4.936226          │
  │  Final    train MSE                          0.038032          │
  │  Initial  val   MSE                          3.381775          │
  │  Final    val   MSE                          0.053140          │
  │  Best     val   MSE                          0.027963          │
  │  Best epoch                                       735          │
  │  Train loss reduction                            99.2  %       │
  │  Overfit index (val-tr)/tr                      +39.7  %       │
  ├─  Metrics — Train  (n=60739, denormalised values)  ───────────────┤
  │  MAE   (mean abs error)                        3.0206  min     │
  │  RMSE  (root mean sq error)                    6.5109  min     │
  │  Median abs error                              1.5794  min     │
  │  P95   abs error                              10.8727  min     │
  │  MAPE  (mean abs % error)                      297.17  %       │
  │  R²                            0.9498   ██████████████████          │
  ├─  Metrics — Val    (n=15184, denormalised values)  ───────────────┤
  │  MAE   (mean abs error)                        3.0825  min     │
  │  RMSE  (root mean sq error)                    6.7448  min     │
  │  Median abs error                              1.5875  min     │
  │  P95   abs error                              10.9106  min     │
  │  MAPE  (mean abs % error)                      311.11  %       │
  │  R²                            0.9498   ██████████████████          │
  ├─  Metrics — Full   (n=75923, denormalised values)  ───────────────┤
  │  MAE   (mean abs error)                        3.0330  min     │
  │  RMSE  (root mean sq error)                    6.5584  min     │
  │  Median abs error                              1.5804  min     │
  │  P95   abs error                              10.8727  min     │
  │  MAPE  (mean abs % error)                      299.96  %       │
  │  R²                            0.9498   ██████████████████          │
  ├─  Feature importance  (mean |W₁| per input)  ─────────────────────┤
  │   1. GCSP_sqrt                  ███████████████████████   100.0%  0.2622  │
  │   2. GCSP_x_QTY                 ██████████████████████     94.7%  0.2484  │
  │   3. GCSP_log                   ██████████████████████     92.8%  0.2434  │
  │   4. mid_gage_log               █████████████████████      89.6%  0.2349  │
  │   5. QTY_log                    █████████████████████      88.0%  0.2306  │
  │   6. GCSP                       ████████████████████       86.6%  0.2271  │
  │   7. max_gage                   ████████████████████       85.5%  0.2243  │
  │   8. mid_len_log                ████████████████████       83.9%  0.2200  │
  │   9. max_len_sqrt               ████████████████████       83.8%  0.2198  │
  │  10. max_len_log                ███████████████████        82.7%  0.2168  │
  │  11. min_len_log                ███████████████████        81.5%  0.2137  │
  │  12. gage_range                 ███████████████████        80.1%  0.2100  │
  │  13. min_gage_log               ███████████████████        79.9%  0.2094  │
  │  14. QTY_sqrt                   ██████████████████         78.2%  0.2049  │
  │  15. min_len                    ██████████████████         78.0%  0.2046  │
  │  16. max_gage_sqrt              ██████████████████         77.8%  0.2038  │
  │  17. mid_gage                   ██████████████████         77.4%  0.2030  │
  │  18. max_gage_log               ██████████████████         75.8%  0.1987  │
  │  19. CAT_LEN                    █████████████████          73.7%  0.1932  │
  │  20. CAT_HAS_LETTERS            █████████████████          73.5%  0.1927  │
  │  21. min_gage                   █████████████████          73.2%  0.1919  │
  │  22. mid_len                    ████████████████           70.0%  0.1834  │
  │  23. max_len                    ████████████████           69.3%  0.1817  │
  │  24. QTY                        ████████████████           67.2%  0.1763  │
  │  25. len_range                  ███████████████            64.3%  0.1687  │
  │  26. CAT_DIGITS                 ██████████████             61.5%  0.1612  │
  └──────────────────────────────────────────────────────────────────┘

  💾 Model saved → models\LEAD_PREP/model.pkl
  ── LEAD PREP check ──
  Total rows          : 75923
  Passed (pred ≤ ref) : 40192  (52.9%)
  Passed (pred ≤ +5%) : 45441  (59.9%)
  Match (±2%)         : 6690  (8.8%)
  Failed              : 35731  (47.1%)
  Top-5 worst (over-predictions):
    row_local=  3  ref=24.0000  pred=49.8614  diff=+25.8614  (+107.8%)
    row_local= 13  ref=4.4600  pred=22.2254  diff=+17.7654  (+398.3%)
    row_local= 15  ref=5.0000  pred=22.4675  diff=+17.4675  (+349.4%)
    row_local=  9  ref=6.2000  pred=23.2092  diff=+17.0092  (+274.3%)
    row_local= 16  ref=45.9600  pred=61.2265  diff=+15.2665  (+33.2%)

  ──────────────────────────────────────────────────────────────────────
  Sheet: LEAD PREP FA
  ──────────────────────────────────────────────────────────────────────
  Реальных строк  : 1
  Аугментированных: 131100  (575 CUTTING × 228 слотов)
  Итого точек     : 131101
  TOTAL — mean=19.8539  std=33.3660  min=0.0100  max=319.5800

  Epoch  200/2000  │  Train MSE 0.151411  │  Val MSE 0.040484  │   71.6s elapsed
  Epoch  400/2000  │  Train MSE 0.096145  │  Val MSE 0.030049  │  132.7s elapsed
  Epoch  600/2000  │  Train MSE 0.075040  │  Val MSE 0.042691  │  193.8s elapsed
  Epoch  800/2000  │  Train MSE 0.057239  │  Val MSE 0.048544  │  254.9s elapsed
  Epoch 1000/2000  │  Train MSE 0.051955  │  Val MSE 0.056949  │  315.9s elapsed
  Epoch 1200/2000  │  Train MSE 0.051415  │  Val MSE 0.051977  │  376.9s elapsed
  Epoch 1400/2000  │  Train MSE 0.044592  │  Val MSE 0.056443  │  437.4s elapsed
  Epoch 1600/2000  │  Train MSE 0.042331  │  Val MSE 0.052414  │  498.0s elapsed
  Epoch 1800/2000  │  Train MSE 0.038303  │  Val MSE 0.063137  │  558.6s elapsed
  Epoch 2000/2000  │  Train MSE 0.034597  │  Val MSE 0.058116  │  619.0s elapsed

  📊  LOSS CURVE   T = Train   V = Val   ✪ = overlap

   4.77558 ┤
           │                                      V                  T 
           │ V  T                                                      
           │ V T                                                       
           │ VT                                                        
           │ VT                                                        
           │ VT                                                        
           │ VT                                                        
           │ ✪                                                         
           │ ✪                                                         
           │ ✪                                                         
           │ ✪                                                         
           │ ✪                                                         
           │ ✪                                                         
           │ ✪                                                         
           │ ✪                                                         
           │ ✪                                                         
           │ ✪                                                         
           │ ✪                                                         
           │ ✪                                                         
           │ ✪                                                         
           │ ✪                                                         
           │ ✪                                                         
           │ ✪                                                         
           │ ✪                                                         
           │ ✪                                                         
           │ ✪                                                         
           │ ✪                                                         
           │ ✪                                                         
           │ ✪                                                         
           │ ✪                                                         
           │ ✪                                                         
           │ ✪                                                         
           │ ✪                                                         
           │ ✪                                                         
           │ ✪                                                         
           │ ✪                                                         
   0.02648 ┤
           └─────────────────────────────▶  epochs


  ┌──────────────────────────────────────────────────────────────────┐
  │                 🧠  NEURAL NETWORK TRAINING REPORT                │
  │                        2026-06-02  11:59:47                      │
  ├──────────────────────────────────────────────────────────────────┤
  ├─  Architecture  ──────────────────────────────────────────────────┤
  │  Input features                                    26          │
  │  Hidden layers                           64 → 32 → 16          │
  │  Output                               1  (regression)          │
  │  Activation                         ReLU + linear out          │
  │  Optimizer                     Adam  β₁=0.9  β₂=0.999          │
  │  Dropout rate                                     15%          │
  │  Training time                                  619.0  sec     │
  ├─  Dataset split  ─────────────────────────────────────────────────┤
  │  Total samples                                 131101          │
  │  Training samples                              104881          │
  │  Validation samples                             26220          │
  ├─  Loss history  (MSE, normalised space)  ─────────────────────────┤
  │  Initial  train MSE                          4.775583          │
  │  Final    train MSE                          0.034597          │
  │  Initial  val   MSE                          3.149168          │
  │  Final    val   MSE                          0.058116          │
  │  Best     val   MSE                          0.026375          │
  │  Best epoch                                       435          │
  │  Train loss reduction                            99.3  %       │
  │  Overfit index (val-tr)/tr                      +68.0  %       │
  ├─  Metrics — Train  (n=104881, denormalised values)  ──────────────┤
  │  MAE   (mean abs error)                        3.4293  min     │
  │  RMSE  (root mean sq error)                    8.2190  min     │
  │  Median abs error                              1.7272  min     │
  │  P95   abs error                              11.7846  min     │
  │  MAPE  (mean abs % error)                      106.31  %       │
  │  R²                            0.9399   ██████████████████          │
  ├─  Metrics — Val    (n=26220, denormalised values)  ───────────────┤
  │  MAE   (mean abs error)                        3.3696  min     │
  │  RMSE  (root mean sq error)                    8.0437  min     │
  │  Median abs error                              1.7141  min     │
  │  P95   abs error                              11.6807  min     │
  │  MAPE  (mean abs % error)                       96.87  %       │
  │  R²                            0.9398   ██████████████████          │
  ├─  Metrics — Full   (n=131101, denormalised values)  ──────────────┤
  │  MAE   (mean abs error)                        3.4174  min     │
  │  RMSE  (root mean sq error)                    8.1843  min     │
  │  Median abs error                              1.7256  min     │
  │  P95   abs error                              11.7552  min     │
  │  MAPE  (mean abs % error)                      104.42  %       │
  │  R²                            0.9398   ██████████████████          │
  ├─  Feature importance  (mean |W₁| per input)  ─────────────────────┤
  │   1. GCSP_sqrt                  ███████████████████████   100.0%  0.2605  │
  │   2. GCSP_x_QTY                 ██████████████████████     94.9%  0.2471  │
  │   3. GCSP_log                   ██████████████████████     92.7%  0.2414  │
  │   4. QTY_log                    █████████████████████      90.8%  0.2365  │
  │   5. mid_gage_log               █████████████████████      90.2%  0.2349  │
  │   6. max_gage                   ████████████████████       85.4%  0.2224  │
  │   7. GCSP                       ████████████████████       84.3%  0.2197  │
  │   8. mid_len_log                ████████████████████       84.2%  0.2194  │
  │   9. max_len_log                ████████████████████       83.8%  0.2182  │
  │  10. max_len_sqrt               ████████████████████       83.8%  0.2182  │
  │  11. min_len_log                ███████████████████        82.2%  0.2141  │
  │  12. gage_range                 ███████████████████        80.3%  0.2091  │
  │  13. min_gage_log               ███████████████████        79.9%  0.2081  │
  │  14. QTY_sqrt                   ███████████████████        79.6%  0.2074  │
  │  15. max_gage_sqrt              ██████████████████         77.6%  0.2022  │
  │  16. mid_gage                   ██████████████████         77.6%  0.2022  │
  │  17. min_len                    ██████████████████         77.4%  0.2015  │
  │  18. max_gage_log               █████████████████          74.2%  0.1934  │
  │  19. min_gage                   █████████████████          73.5%  0.1914  │
  │  20. CAT_LEN                    █████████████████          71.3%  0.1857  │
  │  21. max_len                    ████████████████           70.7%  0.1841  │
  │  22. mid_len                    ████████████████           70.3%  0.1832  │
  │  23. CAT_HAS_LETTERS            ████████████████           70.0%  0.1823  │
  │  24. len_range                  ████████████████           67.2%  0.1751  │
  │  25. QTY                        ████████████████           67.1%  0.1748  │
  │  26. CAT_DIGITS                 █████████████              57.3%  0.1493  │
  └──────────────────────────────────────────────────────────────────┘

  💾 Model saved → models\LEAD_PREP_FA/model.pkl
  ── LEAD PREP FA check ──
  Total rows          : 131101
  Passed (pred ≤ ref) : 64309  (49.1%)
  Passed (pred ≤ +5%) : 72859  (55.6%)
  Match (±2%)         : 8919  (6.8%)
  Failed              : 66792  (50.9%)
  Top-5 worst (over-predictions):
    row_local=18997  ref=0.8000  pred=9.2565  diff=+8.4565  (+1057.1%)
    row_local=16717  ref=0.8000  pred=8.8232  diff=+8.0232  (+1002.9%)
    row_local=14437  ref=0.8000  pred=8.6211  diff=+7.8211  (+977.6%)
    row_local=19098  ref=0.4000  pred=8.0575  diff=+7.6575  (+1914.4%)
    row_local=18939  ref=3.7300  pred=11.2370  diff=+7.5070  (+201.3%)

  ──────────────────────────────────────────────────────────────────────
  Sheet: High Voltage
  ──────────────────────────────────────────────────────────────────────
  Реальных строк  : 0
  Аугментированных: 37950  (575 CUTTING × 66 слотов)
  Итого точек     : 37950
  TOTAL — mean=22.3238  std=24.3935  min=0.1500  max=127.0000

  Epoch  200/2000  │  Train MSE 0.121848  │  Val MSE 0.043925  │   18.6s elapsed
  Epoch  400/2000  │  Train MSE 0.074630  │  Val MSE 0.038426  │   37.1s elapsed
  Epoch  600/2000  │  Train MSE 0.063268  │  Val MSE 0.035841  │   55.6s elapsed
  Epoch  800/2000  │  Train MSE 0.054357  │  Val MSE 0.033216  │   74.0s elapsed
  Epoch 1000/2000  │  Train MSE 0.049580  │  Val MSE 0.034930  │   92.4s elapsed
  Epoch 1200/2000  │  Train MSE 0.045855  │  Val MSE 0.036631  │  110.8s elapsed
  Epoch 1400/2000  │  Train MSE 0.043754  │  Val MSE 0.041369  │  129.3s elapsed
  Epoch 1600/2000  │  Train MSE 0.040884  │  Val MSE 0.038878  │  147.8s elapsed
  Epoch 1800/2000  │  Train MSE 0.039528  │  Val MSE 0.040680  │  166.2s elapsed
  Epoch 2000/2000  │  Train MSE 0.036360  │  Val MSE 0.044803  │  184.7s elapsed

  📊  LOSS CURVE   T = Train   V = Val   ✪ = overlap

   4.63407 ┤
           │                                     V                   T 
           │  V T                                                      
           │ VT                                                        
           │ VT                                                        
           │ ✪                                                         
           │ ✪                                                         
           │ ✪                                                         
           │ ✪                                                         
           │ ✪                                                         
           │ ✪                                                         
           │ ✪                                                         
           │ ✪                                                         
           │ ✪                                                         
           │ ✪                                                         
           │ ✪                                                         
           │ ✪                                                         
           │ ✪                                                         
           │ ✪                                                         
           │ ✪                                                         
           │ ✪                                                         
           │ ✪                                                         
           │ ✪                                                         
           │ ✪                                                         
           │ ✪                                                         
           │ ✪                                                         
           │ ✪                                                         
           │ ✪                                                         
           │ ✪                                                         
           │ ✪                                                         
           │ ✪                                                         
           │ ✪                                                         
           │ ✪                                                         
           │ ✪                                                         
           │ ✪                                                         
           │ ✪                                                         
           │ ✪                                                         
   0.03298 ┤
           └─────────────────────────────▶  epochs


  ┌──────────────────────────────────────────────────────────────────┐
  │                 🧠  NEURAL NETWORK TRAINING REPORT                │
  │                        2026-06-02  12:02:53                      │
  ├──────────────────────────────────────────────────────────────────┤
  ├─  Architecture  ──────────────────────────────────────────────────┤
  │  Input features                                    26          │
  │  Hidden layers                           64 → 32 → 16          │
  │  Output                               1  (regression)          │
  │  Activation                         ReLU + linear out          │
  │  Optimizer                     Adam  β₁=0.9  β₂=0.999          │
  │  Dropout rate                                     15%          │
  │  Training time                                  184.7  sec     │
  ├─  Dataset split  ─────────────────────────────────────────────────┤
  │  Total samples                                  37950          │
  │  Training samples                               30360          │
  │  Validation samples                              7590          │
  ├─  Loss history  (MSE, normalised space)  ─────────────────────────┤
  │  Initial  train MSE                          4.634068          │
  │  Final    train MSE                          0.036360          │
  │  Initial  val   MSE                          2.988394          │
  │  Final    val   MSE                          0.044803          │
  │  Best     val   MSE                          0.031294          │
  │  Best epoch                                       859          │
  │  Train loss reduction                            99.2  %       │
  │  Overfit index (val-tr)/tr                      +23.2  %       │
  ├─  Metrics — Train  (n=30360, denormalised values)  ───────────────┤
  │  MAE   (mean abs error)                        2.8230  min     │
  │  RMSE  (root mean sq error)                    5.1901  min     │
  │  Median abs error                              1.4066  min     │
  │  P95   abs error                              13.3662  min     │
  │  MAPE  (mean abs % error)                       61.75  %       │
  │  R²                            0.9548   ███████████████████          │
  ├─  Metrics — Val    (n=7590, denormalised values)  ────────────────┤
  │  MAE   (mean abs error)                        2.8466  min     │
  │  RMSE  (root mean sq error)                    5.1633  min     │
  │  Median abs error                              1.4046  min     │
  │  P95   abs error                              13.4594  min     │
  │  MAPE  (mean abs % error)                       60.14  %       │
  │  R²                            0.9551   ███████████████████          │
  ├─  Metrics — Full   (n=37950, denormalised values)  ───────────────┤
  │  MAE   (mean abs error)                        2.8277  min     │
  │  RMSE  (root mean sq error)                    5.1848  min     │
  │  Median abs error                              1.4062  min     │
  │  P95   abs error                              13.3662  min     │
  │  MAPE  (mean abs % error)                       61.43  %       │
  │  R²                            0.9548   ███████████████████          │
  ├─  Feature importance  (mean |W₁| per input)  ─────────────────────┤
  │   1. GCSP_sqrt                  ███████████████████████   100.0%  0.2705  │
  │   2. GCSP_x_QTY                 ██████████████████████     93.1%  0.2518  │
  │   3. CAT_HAS_LETTERS            ██████████████████████     92.4%  0.2499  │
  │   4. GCSP_log                   █████████████████████      91.2%  0.2468  │
  │   5. QTY_log                    █████████████████████      88.5%  0.2394  │
  │   6. mid_gage_log               ████████████████████       87.2%  0.2359  │
  │   7. GCSP                       ████████████████████       84.0%  0.2272  │
  │   8. min_len_log                ███████████████████        82.7%  0.2239  │
  │   9. mid_len_log                ███████████████████        81.9%  0.2216  │
  │  10. max_len_log                ███████████████████        81.7%  0.2210  │
  │  11. max_len_sqrt               ███████████████████        81.5%  0.2205  │
  │  12. max_gage                   ███████████████████        80.4%  0.2176  │
  │  13. QTY_sqrt                   ██████████████████         78.9%  0.2134  │
  │  14. min_gage_log               ██████████████████         76.6%  0.2072  │
  │  15. max_gage_log               ██████████████████         75.8%  0.2051  │
  │  16. gage_range                 ██████████████████         75.8%  0.2051  │
  │  17. max_gage_sqrt              ██████████████████         75.1%  0.2033  │
  │  18. mid_gage                   █████████████████          74.2%  0.2009  │
  │  19. min_len                    █████████████████          73.8%  0.1998  │
  │  20. min_gage                   █████████████████          72.9%  0.1973  │
  │  21. max_len                    ████████████████           68.3%  0.1848  │
  │  22. QTY                        ████████████████           67.8%  0.1834  │
  │  23. mid_len                    ████████████████           67.5%  0.1825  │
  │  24. CAT_DIGITS                 ██████████████             61.4%  0.1662  │
  │  25. CAT_LEN                    ██████████████             61.0%  0.1651  │
  │  26. len_range                  █████████████              56.2%  0.1520  │
  └──────────────────────────────────────────────────────────────────┘

  💾 Model saved → models\High_Voltage/model.pkl
  ── High Voltage check ──
  Total rows          : 37950
  Passed (pred ≤ ref) : 17889  (47.1%)
  Passed (pred ≤ +5%) : 22676  (59.8%)
  Match (±2%)         : 5374  (14.2%)
  Failed              : 20061  (52.9%)
  Top-5 worst (over-predictions):
    row_local=34775  ref=4.0000  pred=8.9285  diff=+4.9285  (+123.2%)
    row_local=34778  ref=0.5000  pred=5.3615  diff=+4.8615  (+972.3%)
    row_local=34781  ref=4.0000  pred=8.8527  diff=+4.8527  (+121.3%)
    row_local=34716  ref=4.5300  pred=9.1220  diff=+4.5920  (+101.4%)
    row_local=34774  ref=0.2600  pred=4.7967  diff=+4.5367  (+1744.9%)

  ──────────────────────────────────────────────────────────────────────
  Sheet: FA Conns and wires
  ──────────────────────────────────────────────────────────────────────
  Реальных строк  : 16
  Аугментированных: 43125  (575 CUTTING × 75 слотов)
  Итого точек     : 43141
  TOTAL — mean=16.2826  std=12.9287  min=0.1117  max=356.0000

  Epoch  200/2000  │  Train MSE 0.156718  │  Val MSE 0.056670  │   21.0s elapsed
  Epoch  400/2000  │  Train MSE 0.100634  │  Val MSE 0.041345  │   42.0s elapsed
  Epoch  600/2000  │  Train MSE 0.089007  │  Val MSE 0.034883  │   63.0s elapsed
  Epoch  800/2000  │  Train MSE 0.068623  │  Val MSE 0.038048  │   84.1s elapsed
  Epoch 1000/2000  │  Train MSE 0.059724  │  Val MSE 0.034527  │  104.9s elapsed
  Epoch 1200/2000  │  Train MSE 0.052966  │  Val MSE 0.043231  │  125.9s elapsed
  Epoch 1400/2000  │  Train MSE 0.051170  │  Val MSE 0.047966  │  146.8s elapsed
  Epoch 1600/2000  │  Train MSE 0.046600  │  Val MSE 0.050119  │  167.7s elapsed
  Epoch 1800/2000  │  Train MSE 0.048733  │  Val MSE 0.045455  │  188.7s elapsed
  Epoch 2000/2000  │  Train MSE 0.043209  │  Val MSE 0.048216  │  209.7s elapsed

  📊  LOSS CURVE   T = Train   V = Val   ✪ = overlap

   5.33579 ┤
           │                                        V                T 
           │  V T                                                      
           │ V T                                                       
           │ VT                                                        
           │ VT                                                        
           │ ✪                                                         
           │ ✪                                                         
           │ ✪                                                         
           │ ✪                                                         
           │ ✪                                                         
           │ ✪                                                         
           │ ✪                                                         
           │ ✪                                                         
           │ ✪                                                         
           │ ✪                                                         
           │ ✪                                                         
           │ ✪                                                         
           │ ✪                                                         
           │ ✪                                                         
           │ ✪                                                         
           │ ✪                                                         
           │ ✪                                                         
           │ ✪                                                         
           │ ✪                                                         
           │ ✪                                                         
           │ ✪                                                         
           │ ✪                                                         
           │ ✪                                                         
           │ ✪                                                         
           │ ✪                                                         
           │ ✪                                                         
           │ ✪                                                         
           │ ✪                                                         
           │ ✪                                                         
           │ ✪                                                         
           │ ✪                                                         
   0.03511 ┤
           └─────────────────────────────▶  epochs


  ┌──────────────────────────────────────────────────────────────────┐
  │                 🧠  NEURAL NETWORK TRAINING REPORT                │
  │                        2026-06-02  12:06:24                      │
  ├──────────────────────────────────────────────────────────────────┤
  ├─  Architecture  ──────────────────────────────────────────────────┤
  │  Input features                                    26          │
  │  Hidden layers                           64 → 32 → 16          │
  │  Output                               1  (regression)          │
  │  Activation                         ReLU + linear out          │
  │  Optimizer                     Adam  β₁=0.9  β₂=0.999          │
  │  Dropout rate                                     15%          │
  │  Training time                                  209.7  sec     │
  ├─  Dataset split  ─────────────────────────────────────────────────┤
  │  Total samples                                  43141          │
  │  Training samples                               34513          │
  │  Validation samples                              8628          │
  ├─  Loss history  (MSE, normalised space)  ─────────────────────────┤
  │  Initial  train MSE                          5.335791          │
  │  Final    train MSE                          0.043209          │
  │  Initial  val   MSE                          3.703279          │
  │  Final    val   MSE                          0.048216          │
  │  Best     val   MSE                          0.032583          │
  │  Best epoch                                       695          │
  │  Train loss reduction                            99.2  %       │
  │  Overfit index (val-tr)/tr                      +11.6  %       │
  ├─  Metrics — Train  (n=34513, denormalised values)  ───────────────┤
  │  MAE   (mean abs error)                        1.9144  min     │
  │  RMSE  (root mean sq error)                    2.8078  min     │
  │  Median abs error                              1.5466  min     │
  │  P95   abs error                               5.1976  min     │
  │  MAPE  (mean abs % error)                       76.67  %       │
  │  R²                            0.9528   ███████████████████          │
  ├─  Metrics — Val    (n=8628, denormalised values)  ────────────────┤
  │  MAE   (mean abs error)                        1.9523  min     │
  │  RMSE  (root mean sq error)                    2.8389  min     │
  │  Median abs error                              1.5506  min     │
  │  P95   abs error                               5.2849  min     │
  │  MAPE  (mean abs % error)                       75.49  %       │
  │  R²                            0.9520   ███████████████████          │
  ├─  Metrics — Full   (n=43141, denormalised values)  ───────────────┤
  │  MAE   (mean abs error)                        1.9220  min     │
  │  RMSE  (root mean sq error)                    2.8141  min     │
  │  Median abs error                              1.5467  min     │
  │  P95   abs error                               5.2157  min     │
  │  MAPE  (mean abs % error)                       76.44  %       │
  │  R²                            0.9526   ███████████████████          │
  ├─  Feature importance  (mean |W₁| per input)  ─────────────────────┤
  │   1. GCSP_x_QTY                 ███████████████████████   100.0%  0.2652  │
  │   2. GCSP_sqrt                  ███████████████████████    99.4%  0.2637  │
  │   3. GCSP_log                   ███████████████████████    97.5%  0.2586  │
  │   4. mid_gage_log               ████████████████████       87.1%  0.2311  │
  │   5. QTY_log                    ████████████████████       86.8%  0.2301  │
  │   6. max_len_log                ████████████████████       83.5%  0.2215  │
  │   7. max_len_sqrt               ███████████████████        82.5%  0.2189  │
  │   8. min_len_log                ███████████████████        82.0%  0.2175  │
  │   9. max_gage                   ███████████████████        81.8%  0.2170  │
  │  10. GCSP                       ███████████████████        81.1%  0.2150  │
  │  11. mid_len_log                ███████████████████        79.9%  0.2119  │
  │  12. QTY_sqrt                   ██████████████████         78.3%  0.2076  │
  │  13. mid_gage                   ██████████████████         77.6%  0.2057  │
  │  14. max_gage_sqrt              ██████████████████         77.4%  0.2053  │
  │  15. gage_range                 ██████████████████         77.1%  0.2046  │
  │  16. CAT_HAS_LETTERS            █████████████████          74.9%  0.1988  │
  │  17. max_gage_log               █████████████████          74.9%  0.1986  │
  │  18. min_len                    █████████████████          74.7%  0.1980  │
  │  19. min_gage_log               █████████████████          73.3%  0.1944  │
  │  20. min_gage                   █████████████████          72.4%  0.1921  │
  │  21. mid_len                    ████████████████           69.5%  0.1843  │
  │  22. QTY                        ████████████████           68.5%  0.1816  │
  │  23. max_len                    ████████████████           67.8%  0.1797  │
  │  24. CAT_LEN                    ███████████████            65.9%  0.1747  │
  │  25. len_range                  ██████████████             61.0%  0.1619  │
  │  26. CAT_DIGITS                 █████████████              55.1%  0.1461  │
  └──────────────────────────────────────────────────────────────────┘

  💾 Model saved → models\FA_Conns_and_wires/model.pkl
  ── FA Conns and wires check ──
  Total rows          : 43141
  Passed (pred ≤ ref) : 23099  (53.5%)
  Passed (pred ≤ +5%) : 27687  (64.2%)
  Match (±2%)         : 6095  (14.1%)
  Failed              : 20042  (46.5%)
  Top-5 worst (over-predictions):
    row_local= 14  ref=5.2200  pred=14.6799  diff=+9.4599  (+181.2%)
    row_local=  8  ref=12.8600  pred=18.3338  diff=+5.4738  (+42.6%)
    row_local=6301  ref=0.1117  pred=4.3494  diff=+4.2377  (+3793.8%)
    row_local=6291  ref=0.8000  pred=4.9538  diff=+4.1538  (+519.2%)
    row_local=4811  ref=3.3000  pred=7.4192  diff=+4.1192  (+124.8%)

  ──────────────────────────────────────────────────────────────────────
  Sheet: FA Taping
  ──────────────────────────────────────────────────────────────────────
  Реальных строк  : 14
  Аугментированных: 31625  (575 CUTTING × 55 слотов)
  Итого точек     : 31639
  TOTAL — mean=1.8369  std=4.7536  min=0.0090  max=616.0000

  Epoch  200/2000  │  Train MSE 0.181089  │  Val MSE 0.027979  │   15.5s elapsed
  Epoch  400/2000  │  Train MSE 0.185313  │  Val MSE 0.028816  │   31.1s elapsed
  Epoch  600/2000  │  Train MSE 0.201667  │  Val MSE 0.019267  │   46.6s elapsed
  Epoch  800/2000  │  Train MSE 0.138663  │  Val MSE 0.023625  │   62.2s elapsed
  Epoch 1000/2000  │  Train MSE 0.088375  │  Val MSE 0.017884  │   77.7s elapsed
  Epoch 1200/2000  │  Train MSE 0.160736  │  Val MSE 0.023453  │   93.3s elapsed
  Epoch 1400/2000  │  Train MSE 0.032215  │  Val MSE 0.024678  │  108.9s elapsed
  Epoch 1600/2000  │  Train MSE 0.043420  │  Val MSE 0.027111  │  124.6s elapsed
  Epoch 1800/2000  │  Train MSE 0.148250  │  Val MSE 0.017671  │  140.2s elapsed
  Epoch 2000/2000  │  Train MSE 0.024022  │  Val MSE 0.022959  │  156.1s elapsed

  📊  LOSS CURVE   T = Train   V = Val   ✪ = overlap

   4.65723 ┤
           │                                V                        T 
           │ V     T                                                   
           │ V  T                                                      
           │ VT                                                        
           │ VT                                                        
           │ ✪                                                         
           │ VT                                                        
           │ V T                                                       
           │ VT                                                        
           │ V T                                                       
           │ ✪                                                         
           │ ✪                                                         
           │ ✪                                                         
           │ ✪                                                         
           │ VT                                                        
           │ ✪                                                         
           │ ✪                                                         
           │ ✪                                                         
           │ ✪                                                         
           │ ✪                                                         
           │ ✪                                                         
           │ VT                                                        
           │ ✪                                                         
           │ ✪                                                         
           │ VT                                                        
           │ VT                                                        
           │ ✪                                                         
           │ ✪                                                         
           │ ✪                                                         
           │ ✪                                                         
           │ ✪                                                         
           │ ✪                                                         
           │ ✪                                                         
           │ ✪                                                         
           │ ✪                                                         
           │ ✪                                                         
   0.01474 ┤
           └─────────────────────────────▶  epochs


  ┌──────────────────────────────────────────────────────────────────┐
  │                 🧠  NEURAL NETWORK TRAINING REPORT                │
  │                        2026-06-02  12:09:01                      │
  ├──────────────────────────────────────────────────────────────────┤
  ├─  Architecture  ──────────────────────────────────────────────────┤
  │  Input features                                    26          │
  │  Hidden layers                           64 → 32 → 16          │
  │  Output                               1  (regression)          │
  │  Activation                         ReLU + linear out          │
  │  Optimizer                     Adam  β₁=0.9  β₂=0.999          │
  │  Dropout rate                                     15%          │
  │  Training time                                  156.1  sec     │
  ├─  Dataset split  ─────────────────────────────────────────────────┤
  │  Total samples                                  31639          │
  │  Training samples                               25312          │
  │  Validation samples                              6327          │
  ├─  Loss history  (MSE, normalised space)  ─────────────────────────┤
  │  Initial  train MSE                          4.657232          │
  │  Final    train MSE                          0.024022          │
  │  Initial  val   MSE                          2.548089          │
  │  Final    val   MSE                          0.022959          │
  │  Best     val   MSE                          0.013687          │
  │  Best epoch                                       811          │
  │  Train loss reduction                            99.5  %       │
  │  Overfit index (val-tr)/tr                       -4.4  %       │
  ├─  Metrics — Train  (n=25312, denormalised values)  ───────────────┤
  │  MAE   (mean abs error)                        0.4080  min     │
  │  RMSE  (root mean sq error)                    0.8850  min     │
  │  Median abs error                              0.1057  min     │
  │  P95   abs error                               1.7811  min     │
  │  MAPE  (mean abs % error)                      242.88  %       │
  │  R²                            0.9697   ███████████████████          │
  ├─  Metrics — Val    (n=6327, denormalised values)  ────────────────┤
  │  MAE   (mean abs error)                        0.3936  min     │
  │  RMSE  (root mean sq error)                    0.7203  min     │
  │  Median abs error                              0.1048  min     │
  │  P95   abs error                               1.7570  min     │
  │  MAPE  (mean abs % error)                      247.61  %       │
  │  R²                            0.9465   ██████████████████          │
  ├─  Metrics — Full   (n=31639, denormalised values)  ───────────────┤
  │  MAE   (mean abs error)                        0.4051  min     │
  │  RMSE  (root mean sq error)                    0.8546  min     │
  │  Median abs error                              0.1055  min     │
  │  P95   abs error                               1.7778  min     │
  │  MAPE  (mean abs % error)                      243.83  %       │
  │  R²                            0.9677   ███████████████████          │
  ├─  Feature importance  (mean |W₁| per input)  ─────────────────────┤
  │   1. CAT_HAS_LETTERS            ███████████████████████   100.0%  0.2499  │
  │   2. GCSP_log                   ███████████████████████    96.3%  0.2406  │
  │   3. mid_gage_log               ██████████████████████     94.1%  0.2351  │
  │   4. GCSP_sqrt                  ██████████████████████     94.0%  0.2348  │
  │   5. GCSP                       ██████████████████████     92.5%  0.2310  │
  │   6. GCSP_x_QTY                 █████████████████████      90.6%  0.2264  │
  │   7. QTY_log                    █████████████████████      90.1%  0.2251  │
  │   8. mid_len_log                █████████████████████      90.1%  0.2251  │
  │   9. min_len_log                █████████████████████      89.8%  0.2245  │
  │  10. max_gage                   █████████████████████      88.9%  0.2222  │
  │  11. max_len_sqrt               █████████████████████      87.7%  0.2192  │
  │  12. max_len_log                ████████████████████       87.3%  0.2181  │
  │  13. min_gage_log               ████████████████████       85.1%  0.2128  │
  │  14. QTY_sqrt                   ████████████████████       84.2%  0.2103  │
  │  15. max_gage_sqrt              ███████████████████        81.8%  0.2044  │
  │  16. gage_range                 ███████████████████        81.7%  0.2040  │
  │  17. mid_gage                   ███████████████████        79.3%  0.1981  │
  │  18. min_gage                   ██████████████████         78.8%  0.1970  │
  │  19. max_gage_log               ██████████████████         78.8%  0.1970  │
  │  20. min_len                    ██████████████████         78.0%  0.1950  │
  │  21. mid_len                    █████████████████          74.9%  0.1871  │
  │  22. QTY                        █████████████████          74.0%  0.1848  │
  │  23. max_len                    █████████████████          73.6%  0.1840  │
  │  24. CAT_LEN                    █████████████████          72.7%  0.1817  │
  │  25. len_range                  ███████████████            65.7%  0.1642  │
  │  26. CAT_DIGITS                 ██████████████             60.8%  0.1518  │
  └──────────────────────────────────────────────────────────────────┘

  💾 Model saved → models\FA_Taping/model.pkl
  ── FA Taping check ──
  Total rows          : 31639
  Passed (pred ≤ ref) : 10043  (31.7%)
  Passed (pred ≤ +5%) : 10171  (32.1%)
  Match (±2%)         :  135  (0.4%)
  Failed              : 21596  (68.3%)
  Top-5 worst (over-predictions):
    row_local=  7  ref=11.9000  pred=15.2730  diff=+3.3730  (+28.3%)
    row_local=  6  ref=10.7800  pred=12.0836  diff=+1.3036  (+12.1%)
    row_local=28983  ref=0.0180  pred=0.3858  diff=+0.3678  (+2043.3%)
    row_local=28991  ref=0.0180  pred=0.3858  diff=+0.3678  (+2043.3%)
    row_local=28967  ref=0.0290  pred=0.3952  diff=+0.3662  (+1262.7%)

  ──────────────────────────────────────────────────────────────────────
  Sheet: FA Miscellaneos
  ──────────────────────────────────────────────────────────────────────
  Реальных строк  : 32
  Аугментированных: 54050  (575 CUTTING × 94 слотов)
  Итого точек     : 54082
  TOTAL — mean=28.8034  std=132.8895  min=0.0030  max=1290.6000

  Epoch  200/2000  │  Train MSE 0.126929  │  Val MSE 0.026627  │   26.1s elapsed
  Epoch  400/2000  │  Train MSE 0.081976  │  Val MSE 0.022907  │   52.0s elapsed
  Epoch  600/2000  │  Train MSE 0.063153  │  Val MSE 0.028906  │   77.8s elapsed
  Epoch  800/2000  │  Train MSE 0.057497  │  Val MSE 0.042076  │  103.7s elapsed
  Epoch 1000/2000  │  Train MSE 0.052364  │  Val MSE 0.041654  │  129.7s elapsed
  Epoch 1200/2000  │  Train MSE 0.049038  │  Val MSE 0.048070  │  155.6s elapsed
  Epoch 1400/2000  │  Train MSE 0.041715  │  Val MSE 0.051195  │  181.5s elapsed
  Epoch 1600/2000  │  Train MSE 0.036176  │  Val MSE 0.058304  │  207.4s elapsed
  Epoch 1800/2000  │  Train MSE 0.037398  │  Val MSE 0.066608  │  233.3s elapsed
  Epoch 2000/2000  │  Train MSE 0.033169  │  Val MSE 0.064095  │  259.2s elapsed

  📊  LOSS CURVE   T = Train   V = Val   ✪ = overlap

   4.30785 ┤
           │                                    V                    T 
           │ V  T                                                      
           │ V T                                                       
           │ VT                                                        
           │ VT                                                        
           │ VT                                                        
           │ ✪                                                         
           │ ✪                                                         
           │ ✪                                                         
           │ ✪                                                         
           │ ✪                                                         
           │ ✪                                                         
           │ ✪                                                         
           │ ✪                                                         
           │ ✪                                                         
           │ ✪                                                         
           │ ✪                                                         
           │ ✪                                                         
           │ ✪                                                         
           │ ✪                                                         
           │ ✪                                                         
           │ ✪                                                         
           │ ✪                                                         
           │ ✪                                                         
           │ ✪                                                         
           │ ✪                                                         
           │ ✪                                                         
           │ ✪                                                         
           │ ✪                                                         
           │ ✪                                                         
           │ ✪                                                         
           │ ✪                                                         
           │ ✪                                                         
           │ ✪                                                         
           │ ✪                                                         
           │ ✪                                                         
   0.01988 ┤
           └─────────────────────────────▶  epochs


  ┌──────────────────────────────────────────────────────────────────┐
  │                 🧠  NEURAL NETWORK TRAINING REPORT                │
  │                        2026-06-02  12:13:21                      │
  ├──────────────────────────────────────────────────────────────────┤
  ├─  Architecture  ──────────────────────────────────────────────────┤
  │  Input features                                    26          │
  │  Hidden layers                           64 → 32 → 16          │
  │  Output                               1  (regression)          │
  │  Activation                         ReLU + linear out          │
  │  Optimizer                     Adam  β₁=0.9  β₂=0.999          │
  │  Dropout rate                                     15%          │
  │  Training time                                  259.2  sec     │
  ├─  Dataset split  ─────────────────────────────────────────────────┤
  │  Total samples                                  54082          │
  │  Training samples                               43266          │
  │  Validation samples                             10816          │
  ├─  Loss history  (MSE, normalised space)  ─────────────────────────┤
  │  Initial  train MSE                          4.307848          │
  │  Final    train MSE                          0.033169          │
  │  Initial  val   MSE                          2.726114          │
  │  Final    val   MSE                          0.064095          │
  │  Best     val   MSE                          0.019002          │
  │  Best epoch                                       362          │
  │  Train loss reduction                            99.2  %       │
  │  Overfit index (val-tr)/tr                      +93.2  %       │
  ├─  Metrics — Train  (n=43266, denormalised values)  ───────────────┤
  │  MAE   (mean abs error)                        7.5156  min     │
  │  RMSE  (root mean sq error)                   31.9777  min     │
  │  Median abs error                              2.8460  min     │
  │  P95   abs error                              17.3201  min     │
  │  MAPE  (mean abs % error)                     1230.68  %       │
  │  R²                            0.9409   ██████████████████          │
  ├─  Metrics — Val    (n=10816, denormalised values)  ───────────────┤
  │  MAE   (mean abs error)                        7.8620  min     │
  │  RMSE  (root mean sq error)                   33.6437  min     │
  │  Median abs error                              2.8461  min     │
  │  P95   abs error                              18.1431  min     │
  │  MAPE  (mean abs % error)                     1083.05  %       │
  │  R²                            0.9408   ██████████████████          │
  ├─  Metrics — Full   (n=54082, denormalised values)  ───────────────┤
  │  MAE   (mean abs error)                        7.5849  min     │
  │  RMSE  (root mean sq error)                   32.3178  min     │
  │  Median abs error                              2.8460  min     │
  │  P95   abs error                              17.5137  min     │
  │  MAPE  (mean abs % error)                     1201.15  %       │
  │  R²                            0.9409   ██████████████████          │
  ├─  Feature importance  (mean |W₁| per input)  ─────────────────────┤
  │   1. GCSP_sqrt                  ███████████████████████   100.0%  0.2715  │
  │   2. CAT_HAS_LETTERS            ██████████████████████     92.1%  0.2499  │
  │   3. mid_gage_log               █████████████████████      87.9%  0.2385  │
  │   4. GCSP_x_QTY                 ████████████████████       85.6%  0.2325  │
  │   5. min_gage_log               ████████████████████       84.5%  0.2294  │
  │   6. mid_len_log                ████████████████████       83.9%  0.2277  │
  │   7. max_gage                   ████████████████████       83.8%  0.2275  │
  │   8. min_len_log                ████████████████████       83.8%  0.2274  │
  │   9. max_len_log                ███████████████████        82.9%  0.2250  │
  │  10. GCSP_log                   ███████████████████        82.4%  0.2235  │
  │  11. max_len_sqrt               ███████████████████        81.7%  0.2217  │
  │  12. QTY_log                    ███████████████████        81.4%  0.2210  │
  │  13. gage_range                 ██████████████████         78.6%  0.2133  │
  │  14. QTY_sqrt                   ██████████████████         76.9%  0.2089  │
  │  15. GCSP                       ██████████████████         76.8%  0.2086  │
  │  16. min_gage                   ██████████████████         76.7%  0.2083  │
  │  17. mid_gage                   ██████████████████         76.4%  0.2075  │
  │  18. max_gage_sqrt              ██████████████████         75.8%  0.2058  │
  │  19. CAT_LEN                    ██████████████████         75.5%  0.2050  │
  │  20. max_gage_log               █████████████████          74.5%  0.2022  │
  │  21. min_len                    █████████████████          71.6%  0.1943  │
  │  22. max_len                    ████████████████           70.7%  0.1920  │
  │  23. mid_len                    ████████████████           69.5%  0.1885  │
  │  24. QTY                        ███████████████            66.2%  0.1797  │
  │  25. len_range                  ███████████████            64.0%  0.1736  │
  │  26. CAT_DIGITS                 █████████████              58.3%  0.1583  │
  └──────────────────────────────────────────────────────────────────┘

  💾 Model saved → models\FA_Miscellaneos/model.pkl
  ── FA Miscellaneos check ──
  Total rows          : 54082
  Passed (pred ≤ ref) : 22471  (41.5%)
  Passed (pred ≤ +5%) : 23840  (44.1%)
  Match (±2%)         : 1240  (2.3%)
  Failed              : 31611  (58.5%)
  Top-5 worst (over-predictions):
    row_local=  9  ref=10.0960  pred=24.3174  diff=+14.2214  (+140.9%)
    row_local= 13  ref=14.4000  pred=28.0962  diff=+13.6962  (+95.1%)
    row_local= 19  ref=2.8000  pred=10.5854  diff=+7.7854  (+278.0%)
    row_local= 23  ref=2.8000  pred=10.5854  diff=+7.7854  (+278.0%)
    row_local= 10  ref=4.2000  pred=11.7335  diff=+7.5335  (+179.4%)

  ══════════════════════════════════════════════════════════════════════
                            📋  SESSION SUMMARY                          
  ══════════════════════════════════════════════════════════════════════

  ┌──────────────────────────────────────────────────────────────────────────────────────────────────────┐
  │  Sheet                          N      MAE     R²   Pass≤ref%   Pass≤+5%%        Status  │
  ├──────────────────────────────────────────────────────────────────────────────────────────────────────┤
  │  CUTTING                      575   2.9417 0.8472       41.4%       48.7%     ✅ trained  │
  │  TOTAL values GCSD             14   3.8819 0.9448       35.7%       35.7%     ✅ trained  │
  │  LEAD PREP                  75923   3.0330 0.9498       52.9%       59.9%     ✅ trained  │
  │  LEAD PREP FA              131101   3.4174 0.9398       49.1%       55.6%     ✅ trained  │
  │  High Voltage               37950   2.8277 0.9548       47.1%       59.8%     ✅ trained  │
  │  FA Conns and wires         43141   1.9220 0.9526       53.5%       64.2%     ✅ trained  │
  │  FA Taping                  31639   0.4051 0.9677       31.7%       32.1%     ✅ trained  │
  │  FA Miscellaneos            54082   7.5849 0.9409       41.5%       44.1%     ✅ trained  │
  └──────────────────────────────────────────────────────────────────────────────────────────────────────┘

  Средний MAE : 3.2517 мин
  Средний R²  : 0.9372
  Среднее Pass≤ref: 44.1%
  Среднее Pass≤+5%: 50.0%

  ✅  Обучение завершено.
  ⏱  Всего: 1776.5 сек
  📁  Лог: logs/training.log
  ══════════════════════════════════════════════════════════════════════


  ══════════════════════════════════════════════════════════════════════
                🚀  TRAINING SESSION (Wire-by-Wire Concept)              
                      Started: 2026-06-02  12:41:22                     
                            File: K0_old.xlsx                           
  ══════════════════════════════════════════════════════════════════════

  ======================================================================
  Sheet: CUTTING  (Wire-by-Wire Training)
  ======================================================================

  Концепт: каждая строка I3..I681 — отдельный провод/операция.
  Подставляем QTY=1, цель = Global Sec/Pc (время на шт).
  Признаки: Min Gage, Max Gage, Min Length, Max Length.

  Строк с валидными параметрами (GCSP > 0): 575
  GCSP — mean=10.6258  std=16.9870  min=0.6100  max=129.3000

  Пример активации строк (QTY=1):
    Строка   3 | Gage [0.3–5.0] | Len [50–1000] | GCSP=1.2301 → TOTAL TIME = 1.2301 мин
    Строка   4 | Gage [0.3–5.0] | Len [1001–1500] | GCSP=1.7051 → TOTAL TIME = 1.7051 мин
    Строка   5 | Gage [0.3–5.0] | Len [1501–2000] | GCSP=2.2101 → TOTAL TIME = 2.2101 мин
    Строка   6 | Gage [0.3–5.0] | Len [2001–2500] | GCSP=2.7451 → TOTAL TIME = 2.7451 мин
    Строка   7 | Gage [0.3–5.0] | Len [2501–3000] | GCSP=3.3101 → TOTAL TIME = 3.3101 мин

  Epoch  200/3000  │  Train MSE 0.563319  │  Val MSE 0.405269  │    0.2s elapsed
  Epoch  400/3000  │  Train MSE 0.508014  │  Val MSE 0.371341  │    0.4s elapsed
  Epoch  600/3000  │  Train MSE 0.473760  │  Val MSE 0.337630  │    0.6s elapsed
  Epoch  800/3000  │  Train MSE 0.428137  │  Val MSE 0.310534  │    0.8s elapsed
  Epoch 1000/3000  │  Train MSE 0.402585  │  Val MSE 0.264962  │    1.1s elapsed
  Epoch 1200/3000  │  Train MSE 0.361975  │  Val MSE 0.194295  │    1.3s elapsed
  Epoch 1400/3000  │  Train MSE 0.298073  │  Val MSE 0.160547  │    1.5s elapsed
  Epoch 1600/3000  │  Train MSE 0.258581  │  Val MSE 0.145912  │    1.7s elapsed
  Epoch 1800/3000  │  Train MSE 0.240541  │  Val MSE 0.152996  │    1.9s elapsed
  ⏹  Early stop at epoch 1963  (best val=0.139480 @ ep 1663)  2.1s

  📊  LOSS CURVE   T = Train   V = Val   ✪ = overlap

   2.97619 ┤
           │                                                    T    V 
           │       V    T                                              
           │      V    T                                               
           │      V  T                                                 
           │      V   T                                                
           │     V   T                                                 
           │     V  T                                                  
           │     V  T                                                  
           │     V  T                                                  
           │     V T                                                   
           │     V  T                                                  
           │    V  T                                                   
           │    V  T                                                   
           │    V T                                                    
           │    V T                                                    
           │    V  T                                                   
           │   V  T                                                    
           │   V  T                                                    
           │   V T                                                     
           │  V  T                                                     
           │  V  T                                                     
           │  V T                                                      
           │ V   T                                                     
           │ V  T                                                      
           │ V T                                                       
           │ V T                                                       
           │ V T                                                       
           │ V T                                                       
           │ V T                                                       
           │ VT                                                        
           │ VT                                                        
           │ V T                                                       
           │ V T                                                       
           │ VT                                                        
           │ VT                                                        
           │ VT                                                        
   0.14345 ┤
           └─────────────────────────────▶  epochs


  ┌──────────────────────────────────────────────────────────────────┐
  │                 🧠  NEURAL NETWORK TRAINING REPORT                │
  │                        2026-06-02  12:41:24                      │
  ├──────────────────────────────────────────────────────────────────┤
  ├─  Architecture  ──────────────────────────────────────────────────┤
  │  Input features                                    19          │
  │  Hidden layers                           64 → 32 → 16          │
  │  Output                               1  (regression)          │
  │  Activation                         ReLU + linear out          │
  │  Optimizer                     Adam  β₁=0.9  β₂=0.999          │
  │  Dropout rate                                     15%          │
  │  Training time                                    2.1  sec     │
  ├─  Dataset split  ─────────────────────────────────────────────────┤
  │  Total samples                                    575          │
  │  Training samples                                 460          │
  │  Validation samples                               115          │
  ├─  Loss history  (MSE, normalised space)  ─────────────────────────┤
  │  Initial  train MSE                          2.678514          │
  │  Final    train MSE                          0.204859          │
  │  Initial  val   MSE                          2.976191          │
  │  Final    val   MSE                          0.151205          │
  │  Best     val   MSE                          0.139480          │
  │  Best epoch                                      1663          │
  │  Train loss reduction                            92.4  %       │
  │  Overfit index (val-tr)/tr                      -26.2  %       │
  ├─  Metrics — Train  (n=460, denormalised values)  ─────────────────┤
  │  MAE   (mean abs error)                        3.5975  min     │
  │  RMSE  (root mean sq error)                   10.9871  min     │
  │  Median abs error                              0.9845  min     │
  │  P95   abs error                              12.7008  min     │
  │  MAPE  (mean abs % error)                       31.17  %       │
  │  R²                             0.6119   ████████████          │
  ├─  Metrics — Val    (n=115, denormalised values)  ─────────────────┤
  │  MAE   (mean abs error)                        2.5932  min     │
  │  RMSE  (root mean sq error)                    7.1646  min     │
  │  Median abs error                              0.9737  min     │
  │  P95   abs error                               6.9728  min     │
  │  MAPE  (mean abs % error)                       29.61  %       │
  │  R²                            0.7376   ██████████████          │
  ├─  Metrics — Full   (n=575, denormalised values)  ─────────────────┤
  │  MAE   (mean abs error)                        3.3966  min     │
  │  RMSE  (root mean sq error)                   10.3363  min     │
  │  Median abs error                              0.9816  min     │
  │  P95   abs error                              10.6405  min     │
  │  MAPE  (mean abs % error)                       30.86  %       │
  │  R²                             0.6297   ████████████          │
  ├─  Feature importance  (mean |W₁| per input)  ─────────────────────┤
  │   1. min_gage_log               ███████████████████████   100.0%  0.3090  │
  │   2. max_gage_sqrt              ███████████████████████    96.7%  0.2989  │
  │   3. len_range                  ███████████████████████    96.6%  0.2986  │
  │   4. gage_x_maxlen              ██████████████████████     95.0%  0.2935  │
  │   5. max_gage_log               █████████████████████      91.0%  0.2810  │
  │   6. max_len                    ████████████████████       85.6%  0.2646  │
  │   7. min_len                    ████████████████████       85.2%  0.2634  │
  │   8. max_len_log                ████████████████████       84.9%  0.2625  │
  │   9. mid_len                    ████████████████████       83.5%  0.2580  │
  │  10. mid_gage_log               ███████████████████        80.2%  0.2479  │
  │  11. min_len_log                ███████████████████        79.4%  0.2454  │
  │  12. mid_gage                   ██████████████████         78.2%  0.2415  │
  │  13. mid_len_sqrt               ██████████████████         75.3%  0.2326  │
  │  14. mid_len_log                █████████████████          74.8%  0.2310  │
  │  15. gage_x_len                 █████████████████          74.6%  0.2306  │
  │  16. gage_range                 █████████████████          73.8%  0.2279  │
  │  17. max_len_sqrt               █████████████████          73.2%  0.2262  │
  │  18. min_gage                   █████████████████          72.1%  0.2228  │
  │  19. max_gage                   █████████████████          72.0%  0.2225  │
  └──────────────────────────────────────────────────────────────────┘

  💾 Model saved → models\CUTTING/model.pkl
  ── CUTTING wire-by-wire check ──
  Total rows          : 575
  Passed (pred ≤ ref) :  270  (47.0%)
  Passed (pred ≤ +5%) :  297  (51.7%)
  Match (±2%)         :   24  (4.2%)
  Failed              :  305  (53.0%)
  Top-5 worst (over-predictions):
    row_local=507  ref=30.4500  pred=35.1989  diff=+4.7489  (+15.6%)
    row_local=506  ref=24.4800  pred=27.8896  diff=+3.4096  (+13.9%)
    row_local= 57  ref=9.4200  pred=12.4432  diff=+3.0232  (+32.1%)
    row_local= 90  ref=2.0224  pred=4.8233  diff=+2.8009  (+138.5%)
    row_local= 89  ref=1.8246  pred=4.5906  diff=+2.7660  (+151.6%)

  ======================================================================
  Sheet: TOTAL values GCSD
  ======================================================================
  Всего строк: 14
  Для обучения (с меткой): 14
  Без метки (для предсказания): 0
  Epoch  200/2000  │  Train MSE 0.223951  │  Val MSE 0.087627  │    0.0s elapsed
  ⏹  Early stop at epoch 364  (best val=0.035190 @ ep 64)  0.1s

  📊  LOSS CURVE   T = Train   V = Val   ✪ = overlap

   2.74793 ┤
           │                                                     V   T 
           │            T         V                                    
           │       V T                                                 
           │  V   T                                                    
           │ V  T                                                      
           │ V     T                                                   
           │ V T                                                       
           │ V T                                                       
           │ V  T                                                      
           │ V   T                                                     
           │ ✪                                                         
           │ V  T                                                      
           │ VT                                                        
           │ V T                                                       
           │ V T                                                       
           │ V  T                                                      
           │ V   T                                                     
           │ VT                                                        
           │  VT                                                       
           │  V T                                                      
           │  VT                                                       
           │  ✪                                                        
           │ TV                                                        
           │  V  T                                                     
           │ V  T                                                      
           │ ✪                                                         
           │ V   T                                                     
           │ VT                                                        
           │ V  T                                                      
           │ VT                                                        
           │ V T                                                       
           │ VT                                                        
           │ V T                                                       
           │ V T                                                       
           │ V T                                                       
           │ V  T                                                      
   0.03541 ┤
           └─────────────────────────────▶  epochs


  ┌──────────────────────────────────────────────────────────────────┐
  │                 🧠  NEURAL NETWORK TRAINING REPORT                │
  │                        2026-06-02  12:41:24                      │
  ├──────────────────────────────────────────────────────────────────┤
  ├─  Architecture  ──────────────────────────────────────────────────┤
  │  Input features                                    10          │
  │  Hidden layers                           64 → 32 → 16          │
  │  Output                               1  (regression)          │
  │  Activation                         ReLU + linear out          │
  │  Optimizer                     Adam  β₁=0.9  β₂=0.999          │
  │  Dropout rate                                     15%          │
  │  Training time                                    0.1  sec     │
  ├─  Dataset split  ─────────────────────────────────────────────────┤
  │  Total samples                                     14          │
  │  Training samples                                  12          │
  │  Validation samples                                 2          │
  ├─  Loss history  (MSE, normalised space)  ─────────────────────────┤
  │  Initial  train MSE                          2.747935          │
  │  Final    train MSE                          0.201634          │
  │  Initial  val   MSE                          2.545989          │
  │  Final    val   MSE                          0.061488          │
  │  Best     val   MSE                          0.035190          │
  │  Best epoch                                        64          │
  │  Train loss reduction                            92.7  %       │
  │  Overfit index (val-tr)/tr                      -69.5  %       │
  ├─  Metrics — Train  (n=12, denormalised values)  ──────────────────┤
  │  MAE   (mean abs error)                        4.2720  min     │
  │  RMSE  (root mean sq error)                    6.2961  min     │
  │  Median abs error                              2.1571  min     │
  │  P95   abs error                              11.6038  min     │
  │  MAPE  (mean abs % error)                       20.85  %       │
  │  R²                            0.9381   ██████████████████          │
  ├─  Metrics — Val    (n=2, denormalised values)  ───────────────────┤
  │  MAE   (mean abs error)                        3.3124  min     │
  │  RMSE  (root mean sq error)                    4.6252  min     │
  │  Median abs error                              3.3124  min     │
  │  P95   abs error                               6.2177  min     │
  │  MAPE  (mean abs % error)                       30.35  %       │
  │  R²                            0.7887   ███████████████          │
  ├─  Metrics — Full   (n=14, denormalised values)  ──────────────────┤
  │  MAE   (mean abs error)                        4.1349  min     │
  │  RMSE  (root mean sq error)                    6.0856  min     │
  │  Median abs error                              2.1571  min     │
  │  P95   abs error                              11.5759  min     │
  │  MAPE  (mean abs % error)                       22.20  %       │
  │  R²                            0.9360   ██████████████████          │
  ├─  Feature importance  (mean |W₁| per input)  ─────────────────────┤
  │   1. PART_HAS_LETTER            ███████████████████████   100.0%  0.4029  │
  │   2. ADJ_log                    ██████████████████████     95.5%  0.3846  │
  │   3. GCSD_sqrt                  ██████████████████████     94.6%  0.3813  │
  │   4. PART_LEN                   ██████████████████████     93.5%  0.3766  │
  │   5. GCSD_log                   ██████████████████████     92.7%  0.3734  │
  │   6. ADJ_sqrt                   ████████████████████       85.3%  0.3436  │
  │   7. PART_DIGITS                ██████████████████         79.0%  0.3183  │
  │   8. GCSD_x_ADJ                 ██████████████████         78.5%  0.3161  │
  │   9. ADJ.                       █████████████████          72.5%  0.2923  │
  │  10. GCSD                       █████████████████          72.0%  0.2900  │
  └──────────────────────────────────────────────────────────────────┘

  💾 Model saved → models\TOTAL_values_GCSD/model.pkl
  ── TOTAL values GCSD check ──
  Total rows          : 14
  Passed (pred ≤ ref) :    6  (42.9%)
  Passed (pred ≤ +5%) :    6  (42.9%)
  Match (±2%)         :    0  (0.0%)
  Failed              :    8  (57.1%)
  Top-5 worst (over-predictions):
    row_local= 12  ref=7.2917  pred=9.4488  diff=+2.1571  (+29.6%)
    row_local=  3  ref=7.2917  pred=9.4488  diff=+2.1571  (+29.6%)
    row_local=  4  ref=3.1518  pred=3.4045  diff=+0.2527  (+8.0%)
    row_local= 13  ref=3.1518  pred=3.4045  diff=+0.2527  (+8.0%)
    row_local= 10  ref=2.7312  pred=2.9375  diff=+0.2063  (+7.6%)

  ======================================================================
  Generic Sheets  (Incremental CUTTING-by-CUTTING Training)
  ======================================================================

  Строк CUTTING: 575
  Концепт: каждая строка CUTTING активирует слоты листа → partial_fit()
  Эпох на строку CUTTING: 500


  ======================================================================
  Sheet: LEAD PREP  (incremental)
  ======================================================================
  Реальных строк : 23
  Слотов (QTY=0) : 132
  Строк CUTTING  : 575
  Итого шагов    : 575 строк × 132 слотов × 500 эпох

  Инициализация нормализации (первый fit)...
  Нормализация зафиксирована. Начинаем инкрементальное обучение...

  [  9.9%]  CUTTING строка 57/575  gage=[36.0–50.0]  len=[1001–2000]  t=8814 шагов Adam
  [ 19.8%]  CUTTING строка 114/575  gage=[0.1–0.1]  len=[17001–19000]  t=18643 шагов Adam
  [ 29.7%]  CUTTING строка 171/575  gage=[0.1–0.1]  len=[11001–13000]  t=28482 шагов Adam
  [ 39.7%]  CUTTING строка 228/575  gage=[0.2–6.0]  len=[7001–8000]  t=37732 шагов Adam
  [ 49.6%]  CUTTING строка 285/575  gage=[0.2–6.0]  len=[12001–13000]  t=45721 шагов Adam
  [ 59.5%]  CUTTING строка 342/575  gage=[0.2–2.5]  len=[700–1000]  t=53973 шагов Adam
  [ 69.4%]  CUTTING строка 399/575  gage=[2.8–40.0]  len=[201–400]  t=63273 шагов Adam
  [ 79.3%]  CUTTING строка 456/575  gage=[4.5–60.0]  len=[801–900]  t=71077 шагов Adam
  [ 89.2%]  CUTTING строка 513/575  gage=[0.0–0.0]  len=[9001–10000]  t=78883 шагов Adam
  [ 99.1%]  CUTTING строка 570/575  gage=[0.0–40.0]  len=[9001–9250]  t=86034 шагов Adam
  [100.0%]  CUTTING строка 575/575  gage=[6.1–103.0]  len=[1–59]  t=87112 шагов Adam

  Инкрементальное обучение завершено. Всего шагов Adam: 87112
  💾 Model saved → models\LEAD_PREP/model.pkl
  ── LEAD PREP final check ──
  Total rows          : 155
  Passed (pred ≤ ref) :   96  (61.9%)
  Passed (pred ≤ +5%) :  105  (67.7%)
  Match (±2%)         :    5  (3.2%)
  Failed              :   59  (38.1%)
  Top-5 worst (over-predictions):
    row_local=101  ref=21.0000  pred=26.6216  diff=+5.6216  (+26.8%)
    row_local=114  ref=22.0000  pred=27.4928  diff=+5.4928  (+25.0%)
    row_local= 26  ref=20.7400  pred=26.0055  diff=+5.2655  (+25.4%)
    row_local=  1  ref=12.0000  pred=16.9836  diff=+4.9836  (+41.5%)
    row_local= 88  ref=24.3000  pred=29.1530  diff=+4.8530  (+20.0%)

  ======================================================================
  Sheet: LEAD PREP FA  (incremental)
  ======================================================================
  Реальных строк : 1
  Слотов (QTY=0) : 228
  Строк CUTTING  : 575
  Итого шагов    : 575 строк × 228 слотов × 500 эпох

  Инициализация нормализации (первый fit)...
  Нормализация зафиксирована. Начинаем инкрементальное обучение...

  [  9.9%]  CUTTING строка 57/575  gage=[36.0–50.0]  len=[1001–2000]  t=10638 шагов Adam
  [ 19.8%]  CUTTING строка 114/575  gage=[0.1–0.1]  len=[17001–19000]  t=16961 шагов Adam
  [ 29.7%]  CUTTING строка 171/575  gage=[0.1–0.1]  len=[11001–13000]  t=27543 шагов Adam
  [ 39.7%]  CUTTING строка 228/575  gage=[0.2–6.0]  len=[7001–8000]  t=36169 шагов Adam
  [ 49.6%]  CUTTING строка 285/575  gage=[0.2–6.0]  len=[12001–13000]  t=46106 шагов Adam
  [ 59.5%]  CUTTING строка 342/575  gage=[0.2–2.5]  len=[700–1000]  t=54918 шагов Adam
  [ 69.4%]  CUTTING строка 399/575  gage=[2.8–40.0]  len=[201–400]  t=63662 шагов Adam
  [ 79.3%]  CUTTING строка 456/575  gage=[4.5–60.0]  len=[801–900]  t=72479 шагов Adam
  [ 89.2%]  CUTTING строка 513/575  gage=[0.0–0.0]  len=[9001–10000]  t=81394 шагов Adam
  [ 99.1%]  CUTTING строка 570/575  gage=[0.0–40.0]  len=[9001–9250]  t=90829 шагов Adam
  [100.0%]  CUTTING строка 575/575  gage=[6.1–103.0]  len=[1–59]  t=91927 шагов Adam

  Инкрементальное обучение завершено. Всего шагов Adam: 91927
  💾 Model saved → models\LEAD_PREP_FA/model.pkl
  ── LEAD PREP FA final check ──
  Total rows          : 229
  Passed (pred ≤ ref) :  132  (57.6%)
  Passed (pred ≤ +5%) :  132  (57.6%)
  Match (±2%)         :    0  (0.0%)
  Failed              :   97  (42.4%)
  Top-5 worst (over-predictions):
    row_local=199  ref=0.0100  pred=31.4572  diff=+31.4472  (+314471.8%)
    row_local=197  ref=0.0100  pred=31.4572  diff=+31.4472  (+314471.8%)
    row_local=174  ref=0.4000  pred=26.4020  diff=+26.0020  (+6500.5%)
    row_local= 73  ref=0.8000  pred=23.1961  diff=+22.3961  (+2799.5%)
    row_local= 81  ref=0.9100  pred=22.7489  diff=+21.8389  (+2399.9%)

  ======================================================================
  Sheet: High Voltage  (incremental)
  ======================================================================
  Реальных строк : 0
  Слотов (QTY=0) : 66
  Строк CUTTING  : 575
  Итого шагов    : 575 строк × 66 слотов × 500 эпох

  Инициализация нормализации (первый fit)...
  Нормализация зафиксирована. Начинаем инкрементальное обучение...

  [  9.9%]  CUTTING строка 57/575  gage=[36.0–50.0]  len=[1001–2000]  t=9042 шагов Adam
  [ 19.8%]  CUTTING строка 114/575  gage=[0.1–0.1]  len=[17001–19000]  t=16081 шагов Adam
  [ 29.7%]  CUTTING строка 171/575  gage=[0.1–0.1]  len=[11001–13000]  t=23691 шагов Adam
  [ 39.7%]  CUTTING строка 228/575  gage=[0.2–6.0]  len=[7001–8000]  t=29926 шагов Adam
  [ 49.6%]  CUTTING строка 285/575  gage=[0.2–6.0]  len=[12001–13000]  t=35903 шагов Adam
  [ 59.5%]  CUTTING строка 342/575  gage=[0.2–2.5]  len=[700–1000]  t=42466 шагов Adam
  [ 69.4%]  CUTTING строка 399/575  gage=[2.8–40.0]  len=[201–400]  t=48802 шагов Adam
  [ 79.3%]  CUTTING строка 456/575  gage=[4.5–60.0]  len=[801–900]  t=54864 шагов Adam
  [ 89.2%]  CUTTING строка 513/575  gage=[0.0–0.0]  len=[9001–10000]  t=60769 шагов Adam
  [ 99.1%]  CUTTING строка 570/575  gage=[0.0–40.0]  len=[9001–9250]  t=66621 шагов Adam
  [100.0%]  CUTTING строка 575/575  gage=[6.1–103.0]  len=[1–59]  t=67173 шагов Adam

  Инкрементальное обучение завершено. Всего шагов Adam: 67173
  💾 Model saved → models\High_Voltage/model.pkl
  ── High Voltage final check ──
  Total rows          : 66
  Passed (pred ≤ ref) :   37  (56.1%)
  Passed (pred ≤ +5%) :   38  (57.6%)
  Match (±2%)         :    0  (0.0%)
  Failed              :   29  (43.9%)
  Top-5 worst (over-predictions):
    row_local= 57  ref=0.1500  pred=11.4378  diff=+11.2878  (+7525.2%)
    row_local= 58  ref=0.2600  pred=11.4378  diff=+11.1778  (+4299.2%)
    row_local= 62  ref=0.5000  pred=11.4378  diff=+10.9378  (+2187.6%)
    row_local= 61  ref=0.5000  pred=11.4378  diff=+10.9378  (+2187.6%)
    row_local= 59  ref=4.0000  pred=11.4378  diff=+7.4378  (+185.9%)

  ======================================================================
  Sheet: FA Conns and wires  (incremental)
  ======================================================================
  Реальных строк : 16
  Слотов (QTY=0) : 75
  Строк CUTTING  : 575
  Итого шагов    : 575 строк × 75 слотов × 500 эпох

  Инициализация нормализации (первый fit)...
  Нормализация зафиксирована. Начинаем инкрементальное обучение...

  [  9.9%]  CUTTING строка 57/575  gage=[36.0–50.0]  len=[1001–2000]  t=9887 шагов Adam
  [ 19.8%]  CUTTING строка 114/575  gage=[0.1–0.1]  len=[17001–19000]  t=20510 шагов Adam
  [ 29.7%]  CUTTING строка 171/575  gage=[0.1–0.1]  len=[11001–13000]  t=29643 шагов Adam
  [ 39.7%]  CUTTING строка 228/575  gage=[0.2–6.0]  len=[7001–8000]  t=39282 шагов Adam
  [ 49.6%]  CUTTING строка 285/575  gage=[0.2–6.0]  len=[12001–13000]  t=47801 шагов Adam
  [ 59.5%]  CUTTING строка 342/575  gage=[0.2–2.5]  len=[700–1000]  t=55834 шагов Adam
  [ 69.4%]  CUTTING строка 399/575  gage=[2.8–40.0]  len=[201–400]  t=64084 шагов Adam
  [ 79.3%]  CUTTING строка 456/575  gage=[4.5–60.0]  len=[801–900]  t=70828 шагов Adam
  [ 89.2%]  CUTTING строка 513/575  gage=[0.0–0.0]  len=[9001–10000]  t=78706 шагов Adam
  [ 99.1%]  CUTTING строка 570/575  gage=[0.0–40.0]  len=[9001–9250]  t=86574 шагов Adam
  [100.0%]  CUTTING строка 575/575  gage=[6.1–103.0]  len=[1–59]  t=87269 шагов Adam

  Инкрементальное обучение завершено. Всего шагов Adam: 87269
  💾 Model saved → models\FA_Conns_and_wires/model.pkl
  ── FA Conns and wires final check ──
  Total rows          : 91
  Passed (pred ≤ ref) :   39  (42.9%)
  Passed (pred ≤ +5%) :   52  (57.1%)
  Match (±2%)         :   13  (14.3%)
  Failed              :   52  (57.1%)
  Top-5 worst (over-predictions):
    row_local= 18  ref=17.2000  pred=25.1210  diff=+7.9210  (+46.1%)
    row_local= 53  ref=17.8350  pred=25.5918  diff=+7.7568  (+43.5%)
    row_local= 32  ref=17.1000  pred=24.4945  diff=+7.3945  (+43.2%)
    row_local= 15  ref=6.0000  pred=13.3185  diff=+7.3185  (+122.0%)
    row_local= 19  ref=18.7000  pred=25.8909  diff=+7.1909  (+38.5%)

  ======================================================================
  Sheet: FA Taping  (incremental)
  ======================================================================
  Реальных строк : 14
  Слотов (QTY=0) : 55
  Строк CUTTING  : 575
  Итого шагов    : 575 строк × 55 слотов × 500 эпох

  Инициализация нормализации (первый fit)...
  Нормализация зафиксирована. Начинаем инкрементальное обучение...

  [  9.9%]  CUTTING строка 57/575  gage=[36.0–50.0]  len=[1001–2000]  t=9402 шагов Adam
  [ 19.8%]  CUTTING строка 114/575  gage=[0.1–0.1]  len=[17001–19000]  t=17302 шагов Adam
  [ 29.7%]  CUTTING строка 171/575  gage=[0.1–0.1]  len=[11001–13000]  t=25506 шагов Adam
  [ 39.7%]  CUTTING строка 228/575  gage=[0.2–6.0]  len=[7001–8000]  t=32916 шагов Adam
  [ 49.6%]  CUTTING строка 285/575  gage=[0.2–6.0]  len=[12001–13000]  t=40174 шагов Adam
  [ 59.5%]  CUTTING строка 342/575  gage=[0.2–2.5]  len=[700–1000]  t=46894 шагов Adam
  [ 69.4%]  CUTTING строка 399/575  gage=[2.8–40.0]  len=[201–400]  t=54214 шагов Adam
  [ 79.3%]  CUTTING строка 456/575  gage=[4.5–60.0]  len=[801–900]  t=61334 шагов Adam
  [ 89.2%]  CUTTING строка 513/575  gage=[0.0–0.0]  len=[9001–10000]  t=69542 шагов Adam
  [ 99.1%]  CUTTING строка 570/575  gage=[0.0–40.0]  len=[9001–9250]  t=77721 шагов Adam
  [100.0%]  CUTTING строка 575/575  gage=[6.1–103.0]  len=[1–59]  t=78445 шагов Adam

  Инкрементальное обучение завершено. Всего шагов Adam: 78445
  💾 Model saved → models\FA_Taping/model.pkl
  ── FA Taping final check ──
  Total rows          : 69
  Passed (pred ≤ ref) :    8  (11.6%)
  Passed (pred ≤ +5%) :   12  (17.4%)
  Match (±2%)         :    5  (7.2%)
  Failed              :   61  (88.4%)
  Top-5 worst (over-predictions):
    row_local= 52  ref=4.0000  pred=9.2515  diff=+5.2515  (+131.3%)
    row_local= 54  ref=4.5000  pred=9.6300  diff=+5.1300  (+114.0%)
    row_local= 48  ref=4.9000  pred=9.5477  diff=+4.6477  (+94.9%)
    row_local= 17  ref=3.0000  pred=6.8476  diff=+3.8476  (+128.3%)
    row_local= 64  ref=4.0000  pred=7.8444  diff=+3.8444  (+96.1%)

  ======================================================================
  Sheet: FA Miscellaneos  (incremental)
  ======================================================================
  Реальных строк : 32
  Слотов (QTY=0) : 94
  Строк CUTTING  : 575
  Итого шагов    : 575 строк × 94 слотов × 500 эпох

  Инициализация нормализации (первый fit)...
  Нормализация зафиксирована. Начинаем инкрементальное обучение...

  [  9.9%]  CUTTING строка 57/575  gage=[36.0–50.0]  len=[1001–2000]  t=9262 шагов Adam
  [ 19.8%]  CUTTING строка 114/575  gage=[0.1–0.1]  len=[17001–19000]  t=19598 шагов Adam
  [ 29.7%]  CUTTING строка 171/575  gage=[0.1–0.1]  len=[11001–13000]  t=28355 шагов Adam
  [ 39.7%]  CUTTING строка 228/575  gage=[0.2–6.0]  len=[7001–8000]  t=38037 шагов Adam
  [ 49.6%]  CUTTING строка 285/575  gage=[0.2–6.0]  len=[12001–13000]  t=47190 шагов Adam
  [ 59.5%]  CUTTING строка 342/575  gage=[0.2–2.5]  len=[700–1000]  t=55694 шагов Adam
  [ 69.4%]  CUTTING строка 399/575  gage=[2.8–40.0]  len=[201–400]  t=64092 шагов Adam
  [ 79.3%]  CUTTING строка 456/575  gage=[4.5–60.0]  len=[801–900]  t=71853 шагов Adam
  [ 89.2%]  CUTTING строка 513/575  gage=[0.0–0.0]  len=[9001–10000]  t=79884 шагов Adam
  [ 99.1%]  CUTTING строка 570/575  gage=[0.0–40.0]  len=[9001–9250]  t=88168 шагов Adam
  [100.0%]  CUTTING строка 575/575  gage=[6.1–103.0]  len=[1–59]  t=89013 шагов Adam

  Инкрементальное обучение завершено. Всего шагов Adam: 89013
  💾 Model saved → models\FA_Miscellaneos/model.pkl
  ── FA Miscellaneos final check ──
  Total rows          : 126
  Passed (pred ≤ ref) :   90  (71.4%)
  Passed (pred ≤ +5%) :  100  (79.4%)
  Match (±2%)         :   12  (9.5%)
  Failed              :   36  (28.6%)
  Top-5 worst (over-predictions):
    row_local= 77  ref=13.4580  pred=16.7804  diff=+3.3224  (+24.7%)
    row_local= 42  ref=15.0000  pred=17.9425  diff=+2.9425  (+19.6%)
    row_local= 65  ref=13.5510  pred=16.4832  diff=+2.9322  (+21.6%)
    row_local= 64  ref=15.2110  pred=18.0923  diff=+2.8813  (+18.9%)
    row_local= 82  ref=12.7230  pred=15.5960  diff=+2.8730  (+22.6%)

  ══════════════════════════════════════════════════════════════════════
                            📋  SESSION SUMMARY                          
  ══════════════════════════════════════════════════════════════════════

  ┌──────────────────────────────────────────────────────────────────────────────────────────────────────┐
  │  Sheet                          N      MAE     R²   Pass≤ref%   Pass≤+5%%        Status  │
  ├──────────────────────────────────────────────────────────────────────────────────────────────────────┤
  │  CUTTING                      575   3.3966 0.6297       47.0%       51.7%     ✅ trained  │
  │  TOTAL values GCSD             14   4.1349 0.9360       42.9%       42.9%     ✅ trained  │
  │  LEAD PREP                  75923   4.4933 0.9250       61.9%       67.7%     ✅ trained  │
  │  LEAD PREP FA              131101  12.4787 0.6605       57.6%       57.6%     ✅ trained  │
  │  High Voltage               37950  15.1677-0.1992       56.1%       57.6%     ✅ trained  │
  │  FA Conns and wires         43141   4.8450 0.9365       42.9%       57.1%     ✅ trained  │
  │  FA Taping                  31639   6.0590 0.8341       11.6%       17.4%     ✅ trained  │
  │  FA Miscellaneos            54082  15.5561 0.2380       71.4%       79.4%     ✅ trained  │
  └──────────────────────────────────────────────────────────────────────────────────────────────────────┘

  Средний MAE : 8.2664 мин
  Средний R²  : 0.6201
  Среднее Pass≤ref: 48.9%
  Среднее Pass≤+5%: 53.9%

  ✅  Обучение завершено.
  ⏱  Всего: 211.0 сек
  📁  Лог: logs/training.log
  ══════════════════════════════════════════════════════════════════════


  ══════════════════════════════════════════════════════════════════════
                🚀  TRAINING SESSION (Wire-by-Wire Concept)              
                      Started: 2026-06-02  13:18:08                     
                            File: K0_old.xlsx                           
  ══════════════════════════════════════════════════════════════════════

  ======================================================================
  Sheet: CUTTING  (Wire-by-Wire Training)
  ======================================================================

  Концепт: каждая строка I3..I681 — отдельный провод/операция.
  Подставляем QTY=1, цель = Global Sec/Pc (время на шт).
  Признаки: Min Gage, Max Gage, Min Length, Max Length.

  Строк с валидными параметрами (GCSP > 0): 575
  GCSP — mean=10.6258  std=16.9870  min=0.6100  max=129.3000

  Пример активации строк (QTY=1):
    Строка   3 | Gage [0.3–5.0] | Len [50–1000] | GCSP=1.2301 → TOTAL TIME = 1.2301 мин
    Строка   4 | Gage [0.3–5.0] | Len [1001–1500] | GCSP=1.7051 → TOTAL TIME = 1.7051 мин
    Строка   5 | Gage [0.3–5.0] | Len [1501–2000] | GCSP=2.2101 → TOTAL TIME = 2.2101 мин
    Строка   6 | Gage [0.3–5.0] | Len [2001–2500] | GCSP=2.7451 → TOTAL TIME = 2.7451 мин
    Строка   7 | Gage [0.3–5.0] | Len [2501–3000] | GCSP=3.3101 → TOTAL TIME = 3.3101 мин

  Epoch  200/3000  │  Train MSE 0.593131  │  Val MSE 0.404038  │    0.2s elapsed
  Epoch  400/3000  │  Train MSE 0.597905  │  Val MSE 0.369709  │    0.4s elapsed
  Epoch  600/3000  │  Train MSE 0.478488  │  Val MSE 0.333731  │    0.6s elapsed
  Epoch  800/3000  │  Train MSE 0.439768  │  Val MSE 0.289679  │    0.8s elapsed
  Epoch 1000/3000  │  Train MSE 0.336895  │  Val MSE 0.222466  │    1.0s elapsed
  Epoch 1200/3000  │  Train MSE 0.298246  │  Val MSE 0.177331  │    1.3s elapsed
  Epoch 1400/3000  │  Train MSE 0.289309  │  Val MSE 0.157189  │    1.5s elapsed
  Epoch 1600/3000  │  Train MSE 0.271515  │  Val MSE 0.151120  │    1.7s elapsed
  Epoch 1800/3000  │  Train MSE 0.219762  │  Val MSE 0.144562  │    1.9s elapsed
  Epoch 2000/3000  │  Train MSE 0.215835  │  Val MSE 0.140994  │    2.1s elapsed
  Epoch 2200/3000  │  Train MSE 0.190229  │  Val MSE 0.141051  │    2.3s elapsed
  ⏹  Early stop at epoch 2210  (best val=0.135173 @ ep 1910)  2.3s

  📊  LOSS CURVE   T = Train   V = Val   ✪ = overlap

   2.97502 ┤
           │                                           T             V 
           │       V     T                                             
           │      V   T                                                
           │      V   T                                                
           │      V  T                                                 
           │     V  T                                                  
           │     V   T                                                 
           │     V  T                                                  
           │     V  T                                                  
           │    V   T                                                  
           │    V  T                                                   
           │    V T                                                    
           │    V  T                                                   
           │    V T                                                    
           │   V  T                                                    
           │   V  T                                                    
           │  V   T                                                    
           │  V T                                                      
           │ V  T                                                      
           │ V  T                                                      
           │ V  T                                                      
           │ V T                                                       
           │ V T                                                       
           │ V T                                                       
           │ V T                                                       
           │ V T                                                       
           │ VT                                                        
           │ VT                                                        
           │ VT                                                        
           │ VT                                                        
           │ V T                                                       
           │ VT                                                        
           │ VT                                                        
           │ VT                                                        
           │ ✪                                                         
           │ VT                                                        
   0.14030 ┤
           └─────────────────────────────▶  epochs


  ┌──────────────────────────────────────────────────────────────────┐
  │                 🧠  NEURAL NETWORK TRAINING REPORT                │
  │                        2026-06-02  13:18:10                      │
  ├──────────────────────────────────────────────────────────────────┤
  ├─  Architecture  ──────────────────────────────────────────────────┤
  │  Input features                                    19          │
  │  Hidden layers                           64 → 32 → 16          │
  │  Output                               1  (regression)          │
  │  Activation                         ReLU + linear out          │
  │  Optimizer                     Adam  β₁=0.9  β₂=0.999          │
  │  Dropout rate                                     15%          │
  │  Training time                                    2.3  sec     │
  ├─  Dataset split  ─────────────────────────────────────────────────┤
  │  Total samples                                    575          │
  │  Training samples                                 460          │
  │  Validation samples                               115          │
  ├─  Loss history  (MSE, normalised space)  ─────────────────────────┤
  │  Initial  train MSE                          2.271496          │
  │  Final    train MSE                          0.225616          │
  │  Initial  val   MSE                          2.975021          │
  │  Final    val   MSE                          0.146367          │
  │  Best     val   MSE                          0.135173          │
  │  Best epoch                                      1910          │
  │  Train loss reduction                            90.1  %       │
  │  Overfit index (val-tr)/tr                      -35.1  %       │
  ├─  Metrics — Train  (n=460, denormalised values)  ─────────────────┤
  │  MAE   (mean abs error)                        3.3721  min     │
  │  RMSE  (root mean sq error)                   10.3595  min     │
  │  Median abs error                              0.9379  min     │
  │  P95   abs error                              11.5122  min     │
  │  MAPE  (mean abs % error)                       28.14  %       │
  │  R²                            0.6549   █████████████          │
  ├─  Metrics — Val    (n=115, denormalised values)  ─────────────────┤
  │  MAE   (mean abs error)                        2.5673  min     │
  │  RMSE  (root mean sq error)                    6.7330  min     │
  │  Median abs error                              1.0015  min     │
  │  P95   abs error                               8.9511  min     │
  │  MAPE  (mean abs % error)                       28.57  %       │
  │  R²                            0.7683   ███████████████          │
  ├─  Metrics — Full   (n=575, denormalised values)  ─────────────────┤
  │  MAE   (mean abs error)                        3.2111  min     │
  │  RMSE  (root mean sq error)                    9.7428  min     │
  │  Median abs error                              0.9529  min     │
  │  P95   abs error                              10.8187  min     │
  │  MAPE  (mean abs % error)                       28.23  %       │
  │  R²                            0.6710   █████████████          │
  ├─  Feature importance  (mean |W₁| per input)  ─────────────────────┤
  │   1. min_gage_log               ███████████████████████   100.0%  0.3126  │
  │   2. len_range                  ███████████████████████    97.1%  0.3036  │
  │   3. max_gage_sqrt              ██████████████████████     94.4%  0.2952  │
  │   4. gage_x_maxlen              ██████████████████████     94.2%  0.2944  │
  │   5. max_gage_log               █████████████████████      89.0%  0.2783  │
  │   6. max_len_log                ████████████████████       86.3%  0.2699  │
  │   7. max_len                    ████████████████████       84.3%  0.2635  │
  │   8. min_len                    ███████████████████        83.3%  0.2605  │
  │   9. mid_len                    ███████████████████        82.5%  0.2578  │
  │  10. mid_gage_log               ███████████████████        80.1%  0.2505  │
  │  11. min_len_log                ██████████████████         78.3%  0.2447  │
  │  12. mid_gage                   ██████████████████         77.1%  0.2411  │
  │  13. gage_x_len                 ██████████████████         75.0%  0.2346  │
  │  14. max_len_sqrt               █████████████████          73.7%  0.2305  │
  │  15. gage_range                 █████████████████          73.3%  0.2292  │
  │  16. mid_len_log                █████████████████          73.0%  0.2281  │
  │  17. mid_len_sqrt               █████████████████          72.9%  0.2279  │
  │  18. min_gage                   █████████████████          72.3%  0.2259  │
  │  19. max_gage                   █████████████████          71.6%  0.2239  │
  └──────────────────────────────────────────────────────────────────┘

  💾 Model saved → models\CUTTING/model.pkl
  ── CUTTING wire-by-wire check ──
  Total rows          : 575
  Passed (pred ≤ ref) :  258  (44.9%)
  Passed (pred ≤ +5%) :  296  (51.5%)
  Match (±2%)         :   29  (5.0%)
  Failed              :  317  (55.1%)
  Top-5 worst (over-predictions):
    row_local=507  ref=30.4500  pred=36.3150  diff=+5.8650  (+19.3%)
    row_local=508  ref=38.2000  pred=42.7866  diff=+4.5866  (+12.0%)
    row_local=506  ref=24.4800  pred=27.8228  diff=+3.3428  (+13.7%)
    row_local=389  ref=8.0900  pred=10.9840  diff=+2.8940  (+35.8%)
    row_local=388  ref=7.2600  pred=10.0121  diff=+2.7521  (+37.9%)

  ======================================================================
  Sheet: TOTAL values GCSD
  ======================================================================
  Всего строк: 14
  Для обучения (с меткой): 14
  Без метки (для предсказания): 0
  Epoch  200/2000  │  Train MSE 0.221216  │  Val MSE 0.062256  │    0.0s elapsed
  ⏹  Early stop at epoch 346  (best val=0.039390 @ ep 46)  0.1s

  📊  LOSS CURVE   T = Train   V = Val   ✪ = overlap

   2.54781 ┤
           │                                T                        V 
           │                       V          T                        
           │    ✪                                                      
           │ V      T                                                  
           │ V        T                                                
           │ V    T                                                    
           │ V    T                                                    
           │ V    T                                                    
           │ V T                                                       
           │ V  T                                                      
           │ VT                                                        
           │ VT                                                        
           │ V   T                                                     
           │ VT                                                        
           │  V    T                                                   
           │ V T                                                       
           │ V      T                                                  
           │ VT                                                        
           │  VT                                                       
           │ VT                                                        
           │ V T                                                       
           │ VT                                                        
           │ VT                                                        
           │ ✪                                                         
           │ VT                                                        
           │ ✪                                                         
           │ VT                                                        
           │ V T                                                       
           │ V   T                                                     
           │ ✪                                                         
           │ V    T                                                    
           │ ✪                                                         
           │  ✪                                                        
           │ VT                                                        
           │ V T                                                       
           │ ✪                                                         
   0.04047 ┤
           └─────────────────────────────▶  epochs


  ┌──────────────────────────────────────────────────────────────────┐
  │                 🧠  NEURAL NETWORK TRAINING REPORT                │
  │                        2026-06-02  13:18:11                      │
  ├──────────────────────────────────────────────────────────────────┤
  ├─  Architecture  ──────────────────────────────────────────────────┤
  │  Input features                                    10          │
  │  Hidden layers                           64 → 32 → 16          │
  │  Output                               1  (regression)          │
  │  Activation                         ReLU + linear out          │
  │  Optimizer                     Adam  β₁=0.9  β₂=0.999          │
  │  Dropout rate                                     15%          │
  │  Training time                                    0.1  sec     │
  ├─  Dataset split  ─────────────────────────────────────────────────┤
  │  Total samples                                     14          │
  │  Training samples                                  12          │
  │  Validation samples                                 2          │
  ├─  Loss history  (MSE, normalised space)  ─────────────────────────┤
  │  Initial  train MSE                          1.433590          │
  │  Final    train MSE                          0.083358          │
  │  Initial  val   MSE                          2.547810          │
  │  Final    val   MSE                          0.060606          │
  │  Best     val   MSE                          0.039390          │
  │  Best epoch                                        46          │
  │  Train loss reduction                            94.2  %       │
  │  Overfit index (val-tr)/tr                      -27.3  %       │
  ├─  Metrics — Train  (n=12, denormalised values)  ──────────────────┤
  │  MAE   (mean abs error)                        5.4588  min     │
  │  RMSE  (root mean sq error)                    8.4614  min     │
  │  Median abs error                              1.5062  min     │
  │  P95   abs error                              15.8051  min     │
  │  MAPE  (mean abs % error)                       17.66  %       │
  │  R²                            0.8882   █████████████████          │
  ├─  Metrics — Val    (n=2, denormalised values)  ───────────────────┤
  │  MAE   (mean abs error)                        3.4720  min     │
  │  RMSE  (root mean sq error)                    4.9028  min     │
  │  Median abs error                              3.4720  min     │
  │  P95   abs error                               6.5875  min     │
  │  MAPE  (mean abs % error)                       18.74  %       │
  │  R²                            0.7626   ███████████████          │
  ├─  Metrics — Full   (n=14, denormalised values)  ──────────────────┤
  │  MAE   (mean abs error)                        5.1750  min     │
  │  RMSE  (root mean sq error)                    8.0499  min     │
  │  Median abs error                              1.5062  min     │
  │  P95   abs error                              15.7847  min     │
  │  MAPE  (mean abs % error)                       17.81  %       │
  │  R²                            0.8879   █████████████████          │
  ├─  Feature importance  (mean |W₁| per input)  ─────────────────────┤
  │   1. PART_HAS_LETTER            ███████████████████████   100.0%  0.4029  │
  │   2. ADJ_log                    ██████████████████████     95.7%  0.3856  │
  │   3. GCSD_sqrt                  ██████████████████████     94.6%  0.3813  │
  │   4. PART_LEN                   ██████████████████████     93.8%  0.3780  │
  │   5. GCSD_log                   ██████████████████████     92.7%  0.3735  │
  │   6. ADJ_sqrt                   ████████████████████       85.5%  0.3445  │
  │   7. PART_DIGITS                ██████████████████         79.0%  0.3183  │
  │   8. GCSD_x_ADJ                 ██████████████████         78.7%  0.3170  │
  │   9. ADJ.                       █████████████████          72.9%  0.2936  │
  │  10. GCSD                       █████████████████          71.9%  0.2897  │
  └──────────────────────────────────────────────────────────────────┘

  💾 Model saved → models\TOTAL_values_GCSD/model.pkl
  ── TOTAL values GCSD check ──
  Total rows          : 14
  Passed (pred ≤ ref) :   12  (85.7%)
  Passed (pred ≤ +5%) :   12  (85.7%)
  Match (±2%)         :    2  (14.3%)
  Failed              :    2  (14.3%)
  Top-5 worst (over-predictions):
    row_local= 12  ref=7.2917  pred=8.7979  diff=+1.5062  (+20.7%)
    row_local=  3  ref=7.2917  pred=8.7979  diff=+1.5062  (+20.7%)

  ======================================================================
  Generic Sheets  (Incremental CUTTING-by-CUTTING Training)
  ======================================================================

  Строк CUTTING: 575
  Концепт: каждая строка CUTTING активирует слоты листа → partial_fit()
  Эпох на строку CUTTING: 500


  ======================================================================
  Sheet: LEAD PREP  (incremental)
  ======================================================================
  Реальных строк : 23
  Слотов (QTY=0) : 132
  Строк CUTTING  : 575
  Итого шагов    : 575 строк × 132 слотов × 500 эпох

  Инициализация нормализации (первый fit)...
  Нормализация зафиксирована. Начинаем инкрементальное обучение...

  [  9.9%]  CUTTING строка 57/575  gage=[36.0–50.0]  len=[1001–2000]  t=10050 шагов Adam
  [ 19.8%]  CUTTING строка 114/575  gage=[0.1–0.1]  len=[17001–19000]  t=18994 шагов Adam
  [ 29.7%]  CUTTING строка 171/575  gage=[0.1–0.1]  len=[11001–13000]  t=29204 шагов Adam
  [ 39.7%]  CUTTING строка 228/575  gage=[0.2–6.0]  len=[7001–8000]  t=38080 шагов Adam
  [ 49.6%]  CUTTING строка 285/575  gage=[0.2–6.0]  len=[12001–13000]  t=45472 шагов Adam
  [ 59.5%]  CUTTING строка 342/575  gage=[0.2–2.5]  len=[700–1000]  t=53086 шагов Adam
  [ 69.4%]  CUTTING строка 399/575  gage=[2.8–40.0]  len=[201–400]  t=62182 шагов Adam
  [ 79.3%]  CUTTING строка 456/575  gage=[4.5–60.0]  len=[801–900]  t=71979 шагов Adam
  [ 89.2%]  CUTTING строка 513/575  gage=[0.0–0.0]  len=[9001–10000]  t=80957 шагов Adam
  [ 99.1%]  CUTTING строка 570/575  gage=[0.0–40.0]  len=[9001–9250]  t=90630 шагов Adam
  [100.0%]  CUTTING строка 575/575  gage=[6.1–103.0]  len=[1–59]  t=91723 шагов Adam

  Инкрементальное обучение завершено. Всего шагов Adam: 91723
  💾 Model saved → models\LEAD_PREP/model.pkl
  ── LEAD PREP final check ──
  Total rows          : 155
  Passed (pred ≤ ref) :   78  (50.3%)
  Passed (pred ≤ +5%) :   84  (54.2%)
  Match (±2%)         :    3  (1.9%)
  Failed              :   77  (49.7%)
  Top-5 worst (over-predictions):
    row_local= 32  ref=225.0000  pred=453.0054  diff=+228.0054  (+101.3%)
    row_local= 31  ref=187.0000  pred=324.0948  diff=+137.0948  (+73.3%)
    row_local=105  ref=111.0000  pred=158.7756  diff=+47.7756  (+43.0%)
    row_local=106  ref=79.2000  pred=109.9982  diff=+30.7982  (+38.9%)
    row_local=113  ref=70.0000  pred=99.1298  diff=+29.1298  (+41.6%)

  ======================================================================
  Sheet: LEAD PREP FA  (incremental)
  ======================================================================
  Реальных строк : 1
  Слотов (QTY=0) : 228
  Строк CUTTING  : 575
  Итого шагов    : 575 строк × 228 слотов × 500 эпох

  ⚠️  Только 1 реальных строк (нужно ≥3).
       Обучение на чистой синтетике даёт константные предсказания — пропуск.
       Добавьте реальные данные в лист "LEAD PREP FA" и повторите обучение.

  ======================================================================
  Sheet: High Voltage  (incremental)
  ======================================================================
  Реальных строк : 0
  Слотов (QTY=0) : 66
  Строк CUTTING  : 575
  Итого шагов    : 575 строк × 66 слотов × 500 эпох

  ⚠️  Только 0 реальных строк (нужно ≥3).
       Обучение на чистой синтетике даёт константные предсказания — пропуск.
       Добавьте реальные данные в лист "High Voltage" и повторите обучение.

  ======================================================================
  Sheet: FA Conns and wires  (incremental)
  ======================================================================
  Реальных строк : 16
  Слотов (QTY=0) : 75
  Строк CUTTING  : 575
  Итого шагов    : 575 строк × 75 слотов × 500 эпох

  Инициализация нормализации (первый fit)...
  Нормализация зафиксирована. Начинаем инкрементальное обучение...

  [  9.9%]  CUTTING строка 57/575  gage=[36.0–50.0]  len=[1001–2000]  t=11373 шагов Adam
  [ 19.8%]  CUTTING строка 114/575  gage=[0.1–0.1]  len=[17001–19000]  t=19361 шагов Adam
  [ 29.7%]  CUTTING строка 171/575  gage=[0.1–0.1]  len=[11001–13000]  t=28535 шагов Adam
  [ 39.7%]  CUTTING строка 228/575  gage=[0.2–6.0]  len=[7001–8000]  t=37347 шагов Adam
  [ 49.6%]  CUTTING строка 285/575  gage=[0.2–6.0]  len=[12001–13000]  t=46050 шагов Adam
  [ 59.5%]  CUTTING строка 342/575  gage=[0.2–2.5]  len=[700–1000]  t=54652 шагов Adam
  [ 69.4%]  CUTTING строка 399/575  gage=[2.8–40.0]  len=[201–400]  t=64055 шагов Adam
  [ 79.3%]  CUTTING строка 456/575  gage=[4.5–60.0]  len=[801–900]  t=72700 шагов Adam
  [ 89.2%]  CUTTING строка 513/575  gage=[0.0–0.0]  len=[9001–10000]  t=81782 шагов Adam
  [ 99.1%]  CUTTING строка 570/575  gage=[0.0–40.0]  len=[9001–9250]  t=91860 шагов Adam
  [100.0%]  CUTTING строка 575/575  gage=[6.1–103.0]  len=[1–59]  t=92843 шагов Adam

  Инкрементальное обучение завершено. Всего шагов Adam: 92843
  💾 Model saved → models\FA_Conns_and_wires/model.pkl
  ── FA Conns and wires final check ──
  Total rows          : 91
  Passed (pred ≤ ref) :   56  (61.5%)
  Passed (pred ≤ +5%) :   63  (69.2%)
  Match (±2%)         :    9  (9.9%)
  Failed              :   35  (38.5%)
  Top-5 worst (over-predictions):
    row_local= 19  ref=18.7000  pred=23.3512  diff=+4.6512  (+24.9%)
    row_local= 33  ref=19.0000  pred=23.5070  diff=+4.5070  (+23.7%)
    row_local= 20  ref=20.4000  pred=24.1095  diff=+3.7095  (+18.2%)
    row_local= 34  ref=20.9000  pred=24.3339  diff=+3.4339  (+16.4%)
    row_local= 60  ref=16.2130  pred=19.4803  diff=+3.2673  (+20.2%)

  ======================================================================
  Sheet: FA Taping  (incremental)
  ======================================================================
  Реальных строк : 14
  Слотов (QTY=0) : 55
  Строк CUTTING  : 575
  Итого шагов    : 575 строк × 55 слотов × 500 эпох

  Инициализация нормализации (первый fit)...
  Нормализация зафиксирована. Начинаем инкрементальное обучение...

  [  9.9%]  CUTTING строка 57/575  gage=[36.0–50.0]  len=[1001–2000]  t=9018 шагов Adam
  [ 19.8%]  CUTTING строка 114/575  gage=[0.1–0.1]  len=[17001–19000]  t=18899 шагов Adam
  [ 29.7%]  CUTTING строка 171/575  gage=[0.1–0.1]  len=[11001–13000]  t=27140 шагов Adam
  [ 39.7%]  CUTTING строка 228/575  gage=[0.2–6.0]  len=[7001–8000]  t=35263 шагов Adam
  [ 49.6%]  CUTTING строка 285/575  gage=[0.2–6.0]  len=[12001–13000]  t=42026 шагов Adam
  [ 59.5%]  CUTTING строка 342/575  gage=[0.2–2.5]  len=[700–1000]  t=48803 шагов Adam
  [ 69.4%]  CUTTING строка 399/575  gage=[2.8–40.0]  len=[201–400]  t=56056 шагов Adam
  [ 79.3%]  CUTTING строка 456/575  gage=[4.5–60.0]  len=[801–900]  t=64358 шагов Adam
  [ 89.2%]  CUTTING строка 513/575  gage=[0.0–0.0]  len=[9001–10000]  t=71864 шагов Adam
  [ 99.1%]  CUTTING строка 570/575  gage=[0.0–40.0]  len=[9001–9250]  t=80028 шагов Adam
  [100.0%]  CUTTING строка 575/575  gage=[6.1–103.0]  len=[1–59]  t=80847 шагов Adam

  Инкрементальное обучение завершено. Всего шагов Adam: 80847
  💾 Model saved → models\FA_Taping/model.pkl
  ── FA Taping final check ──
  Total rows          : 69
  Passed (pred ≤ ref) :    9  (13.0%)
  Passed (pred ≤ +5%) :   15  (21.7%)
  Match (±2%)         :    3  (4.3%)
  Failed              :   60  (87.0%)
  Top-5 worst (over-predictions):
    row_local=  0  ref=37.8000  pred=42.1875  diff=+4.3875  (+11.6%)
    row_local= 12  ref=40.0000  pred=43.1112  diff=+3.1112  (+7.8%)
    row_local= 64  ref=4.0000  pred=5.6457  diff=+1.6457  (+41.1%)
    row_local= 17  ref=3.0000  pred=4.4060  diff=+1.4060  (+46.9%)
    row_local= 62  ref=1.8000  pred=3.1141  diff=+1.3141  (+73.0%)

  ======================================================================
  Sheet: FA Miscellaneos  (incremental)
  ======================================================================
  Реальных строк : 32
  Слотов (QTY=0) : 94
  Строк CUTTING  : 575
  Итого шагов    : 575 строк × 94 слотов × 500 эпох

  Инициализация нормализации (первый fit)...
  Нормализация зафиксирована. Начинаем инкрементальное обучение...

  [  9.9%]  CUTTING строка 57/575  gage=[36.0–50.0]  len=[1001–2000]  t=10242 шагов Adam
  [ 19.8%]  CUTTING строка 114/575  gage=[0.1–0.1]  len=[17001–19000]  t=19285 шагов Adam
  [ 29.7%]  CUTTING строка 171/575  gage=[0.1–0.1]  len=[11001–13000]  t=30404 шагов Adam
  [ 39.7%]  CUTTING строка 228/575  gage=[0.2–6.0]  len=[7001–8000]  t=40735 шагов Adam
  [ 49.6%]  CUTTING строка 285/575  gage=[0.2–6.0]  len=[12001–13000]  t=49113 шагов Adam
  [ 59.5%]  CUTTING строка 342/575  gage=[0.2–2.5]  len=[700–1000]  t=57594 шагов Adam
  [ 69.4%]  CUTTING строка 399/575  gage=[2.8–40.0]  len=[201–400]  t=66154 шагов Adam
  [ 79.3%]  CUTTING строка 456/575  gage=[4.5–60.0]  len=[801–900]  t=74538 шагов Adam
  [ 89.2%]  CUTTING строка 513/575  gage=[0.0–0.0]  len=[9001–10000]  t=83629 шагов Adam
  [ 99.1%]  CUTTING строка 570/575  gage=[0.0–40.0]  len=[9001–9250]  t=93709 шагов Adam
  [100.0%]  CUTTING строка 575/575  gage=[6.1–103.0]  len=[1–59]  t=94349 шагов Adam

  Инкрементальное обучение завершено. Всего шагов Adam: 94349
  💾 Model saved → models\FA_Miscellaneos/model.pkl
  ── FA Miscellaneos final check ──
  Total rows          : 126
  Passed (pred ≤ ref) :   21  (16.7%)
  Passed (pred ≤ +5%) :   27  (21.4%)
  Match (±2%)         :    7  (5.6%)
  Failed              :  105  (83.3%)
  Top-5 worst (over-predictions):
    row_local= 71  ref=18.8600  pred=28.8096  diff=+9.9496  (+52.8%)
    row_local= 48  ref=20.5000  pred=28.8790  diff=+8.3790  (+40.9%)
    row_local= 68  ref=18.7600  pred=26.6807  diff=+7.9207  (+42.2%)
    row_local=101  ref=20.7500  pred=28.6179  diff=+7.8679  (+37.9%)
    row_local=115  ref=17.4000  pred=24.9272  diff=+7.5272  (+43.3%)

  ══════════════════════════════════════════════════════════════════════
                            📋  SESSION SUMMARY                          
  ══════════════════════════════════════════════════════════════════════

  ┌──────────────────────────────────────────────────────────────────────────────────────────────────────┐
  │  Sheet                          N      MAE     R²   Pass≤ref%   Pass≤+5%%        Status  │
  ├──────────────────────────────────────────────────────────────────────────────────────────────────────┤
  │  CUTTING                      575   3.2111 0.6710       44.9%       51.5%     ✅ trained  │
  │  TOTAL values GCSD             14   5.1750 0.8879       85.7%       85.7%     ✅ trained  │
  │  LEAD PREP                  75923   9.1343 0.5173       50.3%       54.2%     ✅ trained  │
  │  LEAD PREP FA                   1      —      —           —           —  ⚠️  no real data  │
  │  High Voltage                   0      —      —           —           —  ⚠️  no real data  │
  │  FA Conns and wires         43141   4.9958 0.8907       61.5%       69.2%     ✅ trained  │
  │  FA Taping                  31639   4.6627 0.8350       13.0%       21.7%     ✅ trained  │
  │  FA Miscellaneos            54082  10.2237 0.7665       16.7%       21.4%     ✅ trained  │
  └──────────────────────────────────────────────────────────────────────────────────────────────────────┘

  Средний MAE : 6.2338 мин
  Средний R²  : 0.7614
  Среднее Pass≤ref: 45.4%
  Среднее Pass≤+5%: 50.6%

  ✅  Обучение завершено.
  ⏱  Всего: 136.3 сек
  📁  Лог: logs/training.log
  ══════════════════════════════════════════════════════════════════════


  ══════════════════════════════════════════════════════════════════════
                🚀  TRAINING SESSION (Wire-by-Wire Concept)              
                      Started: 2026-06-02  14:16:06                     
                            File: K0_old.xlsx                           
  ══════════════════════════════════════════════════════════════════════

  ======================================================================
  Sheet: CUTTING  (Wire-by-Wire Training)
  ======================================================================

  Концепт: каждая строка I3..I681 — отдельный провод/операция.
  Подставляем QTY=1, цель = Global Sec/Pc (время на шт).
  Признаки: Min Gage, Max Gage, Min Length, Max Length + machine_group (target-encoded).

  Строк с валидными параметрами (GCSP > 0): 575
  GCSP — mean=10.6258  std=16.9870  min=0.6100  max=129.3000
  Групп машин: 28  (target-encoded в group_encoded)

  Пример активации строк (QTY=1):
    Строка   3 | Gage [0.3–5.0] | Len [50–1000] | GCSP=1.2301 → TOTAL TIME = 1.2301 мин
    Строка   4 | Gage [0.3–5.0] | Len [1001–1500] | GCSP=1.7051 → TOTAL TIME = 1.7051 мин
    Строка   5 | Gage [0.3–5.0] | Len [1501–2000] | GCSP=2.2101 → TOTAL TIME = 2.2101 мин
    Строка   6 | Gage [0.3–5.0] | Len [2001–2500] | GCSP=2.7451 → TOTAL TIME = 2.7451 мин
    Строка   7 | Gage [0.3–5.0] | Len [2501–3000] | GCSP=3.3101 → TOTAL TIME = 3.3101 мин

  Epoch  200/3000  │  Train MSE 0.292954  │  Val MSE 0.083624  │    0.2s elapsed
  Epoch  400/3000  │  Train MSE 0.194951  │  Val MSE 0.069385  │    0.5s elapsed
  Epoch  600/3000  │  Train MSE 0.143314  │  Val MSE 0.067943  │    0.7s elapsed
  Epoch  800/3000  │  Train MSE 0.124641  │  Val MSE 0.061024  │    0.9s elapsed
  Epoch 1000/3000  │  Train MSE 0.109378  │  Val MSE 0.053586  │    1.1s elapsed
  Epoch 1200/3000  │  Train MSE 0.092822  │  Val MSE 0.058423  │    1.3s elapsed
  Epoch 1400/3000  │  Train MSE 0.097135  │  Val MSE 0.053472  │    1.6s elapsed
  Epoch 1600/3000  │  Train MSE 0.074975  │  Val MSE 0.056149  │    1.8s elapsed
  ⏹  Early stop at epoch 1725  (best val=0.047953 @ ep 1425)  1.9s

  📊  LOSS CURVE   T = Train   V = Val   ✪ = overlap

   7.36117 ┤
           │                          V                              T 
           │  V  T                                                     
           │ V T                                                       
           │ VT                                                        
           │ VT                                                        
           │ VT                                                        
           │ VT                                                        
           │ ✪                                                         
           │ ✪                                                         
           │ ✪                                                         
           │ ✪                                                         
           │ ✪                                                         
           │ ✪                                                         
           │ ✪                                                         
           │ ✪                                                         
           │ ✪                                                         
           │ ✪                                                         
           │ ✪                                                         
           │ ✪                                                         
           │ ✪                                                         
           │ ✪                                                         
           │ ✪                                                         
           │ ✪                                                         
           │ ✪                                                         
           │ ✪                                                         
           │ ✪                                                         
           │ ✪                                                         
           │ ✪                                                         
           │ ✪                                                         
           │ ✪                                                         
           │ ✪                                                         
           │ ✪                                                         
           │ ✪                                                         
           │ ✪                                                         
           │ ✪                                                         
           │ ✪                                                         
   0.04948 ┤
           └─────────────────────────────▶  epochs


  ┌──────────────────────────────────────────────────────────────────┐
  │                 🧠  NEURAL NETWORK TRAINING REPORT                │
  │                        2026-06-02  14:16:08                      │
  ├──────────────────────────────────────────────────────────────────┤
  ├─  Architecture  ──────────────────────────────────────────────────┤
  │  Input features                                    20          │
  │  Hidden layers                           64 → 32 → 16          │
  │  Output                               1  (regression)          │
  │  Activation                         ReLU + linear out          │
  │  Optimizer                     Adam  β₁=0.9  β₂=0.999          │
  │  Dropout rate                                     15%          │
  │  Training time                                    1.9  sec     │
  ├─  Dataset split  ─────────────────────────────────────────────────┤
  │  Total samples                                    575          │
  │  Training samples                                 460          │
  │  Validation samples                               115          │
  ├─  Loss history  (MSE, normalised space)  ─────────────────────────┤
  │  Initial  train MSE                          7.361165          │
  │  Final    train MSE                          0.093040          │
  │  Initial  val   MSE                          3.346603          │
  │  Final    val   MSE                          0.054062          │
  │  Best     val   MSE                          0.047953          │
  │  Best epoch                                      1425          │
  │  Train loss reduction                            98.7  %       │
  │  Overfit index (val-tr)/tr                      -41.9  %       │
  ├─  Metrics — Train  (n=460, denormalised values)  ─────────────────┤
  │  MAE   (mean abs error)                        2.1502  min     │
  │  RMSE  (root mean sq error)                    6.2109  min     │
  │  Median abs error                              0.5718  min     │
  │  P95   abs error                               8.6945  min     │
  │  MAPE  (mean abs % error)                       19.10  %       │
  │  R²                            0.8760   █████████████████          │
  ├─  Metrics — Val    (n=115, denormalised values)  ─────────────────┤
  │  MAE   (mean abs error)                        1.8955  min     │
  │  RMSE  (root mean sq error)                    4.8258  min     │
  │  Median abs error                              0.6354  min     │
  │  P95   abs error                               7.0147  min     │
  │  MAPE  (mean abs % error)                       21.50  %       │
  │  R²                            0.8810   █████████████████          │
  ├─  Metrics — Full   (n=575, denormalised values)  ─────────────────┤
  │  MAE   (mean abs error)                        2.0992  min     │
  │  RMSE  (root mean sq error)                    5.9597  min     │
  │  Median abs error                              0.5855  min     │
  │  P95   abs error                               8.4581  min     │
  │  MAPE  (mean abs % error)                       19.58  %       │
  │  R²                            0.8769   █████████████████          │
  ├─  Feature importance  (mean |W₁| per input)  ─────────────────────┤
  │   1. gage_x_len                 ███████████████████████   100.0%  0.2770  │
  │   2. min_len                    ███████████████████████    99.8%  0.2765  │
  │   3. group_encoded              ███████████████████████    99.3%  0.2751  │
  │   4. min_gage_log               ███████████████████████    98.4%  0.2726  │
  │   5. max_gage                   ██████████████████████     94.4%  0.2616  │
  │   6. mid_gage                   ██████████████████████     93.5%  0.2591  │
  │   7. max_gage_log               ██████████████████████     93.0%  0.2575  │
  │   8. gage_x_maxlen              ██████████████████████     91.7%  0.2539  │
  │   9. min_len_log                █████████████████████      89.0%  0.2465  │
  │  10. mid_gage_log               █████████████████████      89.0%  0.2464  │
  │  11. gage_range                 █████████████████████      87.9%  0.2435  │
  │  12. len_range                  ████████████████████       84.8%  0.2350  │
  │  13. max_len_sqrt               ████████████████████       83.5%  0.2313  │
  │  14. mid_len_sqrt               ███████████████████        82.7%  0.2290  │
  │  15. mid_len_log                ███████████████████        82.6%  0.2289  │
  │  16. max_len_log                ███████████████████        80.2%  0.2221  │
  │  17. max_len                    ██████████████████         78.2%  0.2165  │
  │  18. mid_len                    ██████████████████         77.9%  0.2158  │
  │  19. min_gage                   █████████████████          72.0%  0.1994  │
  │  20. max_gage_sqrt              █████████████████          72.0%  0.1994  │
  └──────────────────────────────────────────────────────────────────┘

  💾 Model saved → models\CUTTING/model.pkl
  ── CUTTING wire-by-wire check ──
  Total rows          : 575
  Passed (pred ≤ ref) :  248  (43.1%)
  Passed (pred ≤ +5%) :  302  (52.5%)
  Match (±2%)         :   57  (9.9%)
  Failed              :  327  (56.9%)
  Top-5 worst (over-predictions):
    row_local=508  ref=38.2000  pred=48.6755  diff=+10.4755  (+27.4%)
    row_local=507  ref=30.4500  pred=40.2942  diff=+9.8442  (+32.3%)
    row_local=506  ref=24.4800  pred=29.4140  diff=+4.9340  (+20.2%)
    row_local=389  ref=8.0900  pred=11.1465  diff=+3.0565  (+37.8%)
    row_local=505  ref=19.9000  pred=22.8028  diff=+2.9028  (+14.6%)

  ======================================================================
  Sheet: TOTAL values GCSD
  ======================================================================
  Всего строк: 14
  Для обучения (с меткой): 14
  Без метки (для предсказания): 0
  Epoch  200/2000  │  Train MSE 0.132969  │  Val MSE 0.064983  │    0.0s elapsed
  Epoch  400/2000  │  Train MSE 0.103807  │  Val MSE 0.071988  │    0.1s elapsed
  ⏹  Early stop at epoch 436  (best val=0.033672 @ ep 136)  0.1s

  📊  LOSS CURVE   T = Train   V = Val   ✪ = overlap

   2.53050 ┤
           │                                       T                 V 
           │         T        V                                        
           │   V T                                                     
           │ V     T                                                   
           │ V    T                                                    
           │ V  T                                                      
           │ V   T                                                     
           │ V  T                                                      
           │ V     T                                                   
           │ VT                                                        
           │ VT                                                        
           │ V   T                                                     
           │ V  T                                                      
           │ VT                                                        
           │ VT                                                        
           │ V T                                                       
           │ V      T                                                  
           │ VT                                                        
           │ VT                                                        
           │ ✪                                                         
           │ ✪                                                         
           │  ✪                                                        
           │ ✪                                                         
           │ V T                                                       
           │ TV                                                        
           │ VT                                                        
           │ V    T                                                    
           │ V T                                                       
           │ ✪                                                         
           │ ✪                                                         
           │ VT                                                        
           │  ✪                                                        
           │ ✪                                                         
           │ ✪                                                         
           │ VT                                                        
           │ VT                                                        
   0.03435 ┤
           └─────────────────────────────▶  epochs


  ┌──────────────────────────────────────────────────────────────────┐
  │                 🧠  NEURAL NETWORK TRAINING REPORT                │
  │                        2026-06-02  14:16:08                      │
  ├──────────────────────────────────────────────────────────────────┤
  ├─  Architecture  ──────────────────────────────────────────────────┤
  │  Input features                                    10          │
  │  Hidden layers                           64 → 32 → 16          │
  │  Output                               1  (regression)          │
  │  Activation                         ReLU + linear out          │
  │  Optimizer                     Adam  β₁=0.9  β₂=0.999          │
  │  Dropout rate                                     15%          │
  │  Training time                                    0.1  sec     │
  ├─  Dataset split  ─────────────────────────────────────────────────┤
  │  Total samples                                     14          │
  │  Training samples                                  12          │
  │  Validation samples                                 2          │
  ├─  Loss history  (MSE, normalised space)  ─────────────────────────┤
  │  Initial  train MSE                          1.727666          │
  │  Final    train MSE                          0.089491          │
  │  Initial  val   MSE                          2.530497          │
  │  Final    val   MSE                          0.063979          │
  │  Best     val   MSE                          0.033672          │
  │  Best epoch                                       136          │
  │  Train loss reduction                            94.8  %       │
  │  Overfit index (val-tr)/tr                      -28.5  %       │
  ├─  Metrics — Train  (n=12, denormalised values)  ──────────────────┤
  │  MAE   (mean abs error)                        3.7169  min     │
  │  RMSE  (root mean sq error)                    5.8453  min     │
  │  Median abs error                              1.4371  min     │
  │  P95   abs error                              11.5222  min     │
  │  MAPE  (mean abs % error)                       21.39  %       │
  │  R²                            0.9467   ██████████████████          │
  ├─  Metrics — Val    (n=2, denormalised values)  ───────────────────┤
  │  MAE   (mean abs error)                        3.2425  min     │
  │  RMSE  (root mean sq error)                    4.5153  min     │
  │  Median abs error                              3.2425  min     │
  │  P95   abs error                               6.0706  min     │
  │  MAPE  (mean abs % error)                       32.67  %       │
  │  R²                            0.7986   ███████████████          │
  ├─  Metrics — Full   (n=14, denormalised values)  ──────────────────┤
  │  MAE   (mean abs error)                        3.6491  min     │
  │  RMSE  (root mean sq error)                    5.6744  min     │
  │  Median abs error                              1.4371  min     │
  │  P95   abs error                              11.5222  min     │
  │  MAPE  (mean abs % error)                       23.00  %       │
  │  R²                            0.9443   ██████████████████          │
  ├─  Feature importance  (mean |W₁| per input)  ─────────────────────┤
  │   1. PART_HAS_LETTER            ███████████████████████   100.0%  0.4029  │
  │   2. ADJ_log                    ██████████████████████     94.8%  0.3820  │
  │   3. GCSD_sqrt                  ██████████████████████     94.8%  0.3818  │
  │   4. PART_LEN                   ██████████████████████     93.2%  0.3755  │
  │   5. GCSD_log                   ██████████████████████     92.8%  0.3739  │
  │   6. ADJ_sqrt                   ████████████████████       85.1%  0.3428  │
  │   7. PART_DIGITS                ██████████████████         78.9%  0.3179  │
  │   8. GCSD_x_ADJ                 ██████████████████         78.4%  0.3157  │
  │   9. ADJ.                       █████████████████          72.5%  0.2921  │
  │  10. GCSD                       █████████████████          71.8%  0.2892  │
  └──────────────────────────────────────────────────────────────────┘

  💾 Model saved → models\TOTAL_values_GCSD/model.pkl
  ── TOTAL values GCSD check ──
  Total rows          : 14
  Passed (pred ≤ ref) :    6  (42.9%)
  Passed (pred ≤ +5%) :    6  (42.9%)
  Match (±2%)         :    0  (0.0%)
  Failed              :    8  (57.1%)
  Top-5 worst (over-predictions):
    row_local= 12  ref=7.2917  pred=8.7288  diff=+1.4371  (+19.7%)
    row_local=  3  ref=7.2917  pred=8.7288  diff=+1.4371  (+19.7%)
    row_local=  4  ref=3.1518  pred=4.0336  diff=+0.8818  (+28.0%)
    row_local= 13  ref=3.1518  pred=4.0336  diff=+0.8818  (+28.0%)
    row_local= 10  ref=2.7312  pred=3.1240  diff=+0.3928  (+14.4%)

  ======================================================================
  Generic Sheets  (Incremental CUTTING-by-CUTTING Training)
  ======================================================================

  Строк CUTTING: 575
  Концепт: каждая строка CUTTING активирует слоты листа → partial_fit()
  Эпох на строку CUTTING: 500
  Вес реальных строк: 50.0×  (vs 1× для синтетики)


  ======================================================================
  Sheet: LEAD PREP  (incremental)
  ======================================================================
  Реальных строк : 23
  Слотов (QTY=0) : 132
  Строк CUTTING  : 575
  Итого шагов    : 575 строк × 132 слотов × 500 эпох

  Инициализация нормализации (первый fit)...
  Нормализация зафиксирована. Начинаем инкрементальное обучение...

  [  9.9%]  CUTTING строка 57/575  gage=[36.0–50.0]  len=[1001–2000]  t=10143 шагов Adam
  [ 19.8%]  CUTTING строка 114/575  gage=[0.1–0.1]  len=[17001–19000]  t=20451 шагов Adam
  [ 29.7%]  CUTTING строка 171/575  gage=[0.1–0.1]  len=[11001–13000]  t=31256 шагов Adam
  [ 39.7%]  CUTTING строка 228/575  gage=[0.2–6.0]  len=[7001–8000]  t=40654 шагов Adam
  [ 49.6%]  CUTTING строка 285/575  gage=[0.2–6.0]  len=[12001–13000]  t=48865 шагов Adam
  [ 59.5%]  CUTTING строка 342/575  gage=[0.2–2.5]  len=[700–1000]  t=58129 шагов Adam
  [ 69.4%]  CUTTING строка 399/575  gage=[2.8–40.0]  len=[201–400]  t=68082 шагов Adam
  [ 79.3%]  CUTTING строка 456/575  gage=[4.5–60.0]  len=[801–900]  t=77855 шагов Adam
  [ 89.2%]  CUTTING строка 513/575  gage=[0.0–0.0]  len=[9001–10000]  t=87389 шагов Adam
  [ 99.1%]  CUTTING строка 570/575  gage=[0.0–40.0]  len=[9001–9250]  t=97154 шагов Adam
  [100.0%]  CUTTING строка 575/575  gage=[6.1–103.0]  len=[1–59]  t=98622 шагов Adam

  Инкрементальное обучение завершено. Всего шагов Adam: 98622
  💾 Model saved → models\LEAD_PREP/model.pkl
  ── LEAD PREP final check ──
  Total rows          : 155
  Passed (pred ≤ ref) :   87  (56.1%)
  Passed (pred ≤ +5%) :   93  (60.0%)
  Match (±2%)         :    3  (1.9%)
  Failed              :   68  (43.9%)
  Top-5 worst (over-predictions):
    row_local= 32  ref=225.0000  pred=283.4547  diff=+58.4547  (+26.0%)
    row_local= 31  ref=187.0000  pred=218.3484  diff=+31.3484  (+16.8%)
    row_local=111  ref=47.8000  pred=60.7138  diff=+12.9138  (+27.0%)
    row_local=112  ref=55.4000  pred=67.7485  diff=+12.3485  (+22.3%)
    row_local= 28  ref=49.5300  pred=61.3009  diff=+11.7709  (+23.8%)

  ======================================================================
  Sheet: LEAD PREP FA  (incremental)
  ======================================================================
  Реальных строк : 1
  Слотов (QTY=0) : 228
  Строк CUTTING  : 575
  Итого шагов    : 575 строк × 228 слотов × 500 эпох

  ⚠️  Только 1 реальных строк (нужно ≥3).
       Обучение на чистой синтетике даёт константные предсказания — пропуск.
       Добавьте реальные данные в лист "LEAD PREP FA" и повторите обучение.

  ======================================================================
  Sheet: High Voltage  (incremental)
  ======================================================================
  Реальных строк : 0
  Слотов (QTY=0) : 66
  Строк CUTTING  : 575
  Итого шагов    : 575 строк × 66 слотов × 500 эпох

  ⚠️  Только 0 реальных строк (нужно ≥3).
       Обучение на чистой синтетике даёт константные предсказания — пропуск.
       Добавьте реальные данные в лист "High Voltage" и повторите обучение.

  ======================================================================
  Sheet: FA Conns and wires  (incremental)
  ======================================================================
  Реальных строк : 16
  Слотов (QTY=0) : 75
  Строк CUTTING  : 575
  Итого шагов    : 575 строк × 75 слотов × 500 эпох

  Инициализация нормализации (первый fit)...
  Нормализация зафиксирована. Начинаем инкрементальное обучение...

  [  9.9%]  CUTTING строка 57/575  gage=[36.0–50.0]  len=[1001–2000]  t=8996 шагов Adam
  [ 19.8%]  CUTTING строка 114/575  gage=[0.1–0.1]  len=[17001–19000]  t=17136 шагов Adam
  [ 29.7%]  CUTTING строка 171/575  gage=[0.1–0.1]  len=[11001–13000]  t=27056 шагов Adam
  [ 39.7%]  CUTTING строка 228/575  gage=[0.2–6.0]  len=[7001–8000]  t=37487 шагов Adam
  [ 49.6%]  CUTTING строка 285/575  gage=[0.2–6.0]  len=[12001–13000]  t=46989 шагов Adam
  [ 59.5%]  CUTTING строка 342/575  gage=[0.2–2.5]  len=[700–1000]  t=55684 шагов Adam
  [ 69.4%]  CUTTING строка 399/575  gage=[2.8–40.0]  len=[201–400]  t=64939 шагов Adam
  [ 79.3%]  CUTTING строка 456/575  gage=[4.5–60.0]  len=[801–900]  t=72974 шагов Adam
  [ 89.2%]  CUTTING строка 513/575  gage=[0.0–0.0]  len=[9001–10000]  t=81418 шагов Adam
  [ 99.1%]  CUTTING строка 570/575  gage=[0.0–40.0]  len=[9001–9250]  t=91092 шагов Adam
  [100.0%]  CUTTING строка 575/575  gage=[6.1–103.0]  len=[1–59]  t=91650 шагов Adam

  Инкрементальное обучение завершено. Всего шагов Adam: 91650
  💾 Model saved → models\FA_Conns_and_wires/model.pkl
  ── FA Conns and wires final check ──
  Total rows          : 91
  Passed (pred ≤ ref) :   13  (14.3%)
  Passed (pred ≤ +5%) :   16  (17.6%)
  Match (±2%)         :    3  (3.3%)
  Failed              :   78  (85.7%)
  Top-5 worst (over-predictions):
    row_local= 30  ref=14.7000  pred=27.9440  diff=+13.2440  (+90.1%)
    row_local= 31  ref=15.2000  pred=28.3238  diff=+13.1238  (+86.3%)
    row_local= 17  ref=15.3100  pred=28.4062  diff=+13.0962  (+85.5%)
    row_local= 29  ref=12.6000  pred=25.4682  diff=+12.8682  (+102.1%)
    row_local= 32  ref=17.1000  pred=29.5703  diff=+12.4703  (+72.9%)

  ======================================================================
  Sheet: FA Taping  (incremental)
  ======================================================================
  Реальных строк : 14
  Слотов (QTY=0) : 55
  Строк CUTTING  : 575
  Итого шагов    : 575 строк × 55 слотов × 500 эпох

  Инициализация нормализации (первый fit)...
  Нормализация зафиксирована. Начинаем инкрементальное обучение...

  [  9.9%]  CUTTING строка 57/575  gage=[36.0–50.0]  len=[1001–2000]  t=10000 шагов Adam
  [ 19.8%]  CUTTING строка 114/575  gage=[0.1–0.1]  len=[17001–19000]  t=20427 шагов Adam
  [ 29.7%]  CUTTING строка 171/575  gage=[0.1–0.1]  len=[11001–13000]  t=29059 шагов Adam
  [ 39.7%]  CUTTING строка 228/575  gage=[0.2–6.0]  len=[7001–8000]  t=37634 шагов Adam
  [ 49.6%]  CUTTING строка 285/575  gage=[0.2–6.0]  len=[12001–13000]  t=45277 шагов Adam
  [ 59.5%]  CUTTING строка 342/575  gage=[0.2–2.5]  len=[700–1000]  t=52791 шагов Adam
  [ 69.4%]  CUTTING строка 399/575  gage=[2.8–40.0]  len=[201–400]  t=60353 шагов Adam
  [ 79.3%]  CUTTING строка 456/575  gage=[4.5–60.0]  len=[801–900]  t=69431 шагов Adam
  [ 89.2%]  CUTTING строка 513/575  gage=[0.0–0.0]  len=[9001–10000]  t=77861 шагов Adam
  [ 99.1%]  CUTTING строка 570/575  gage=[0.0–40.0]  len=[9001–9250]  t=85965 шагов Adam
  [100.0%]  CUTTING строка 575/575  gage=[6.1–103.0]  len=[1–59]  t=86670 шагов Adam

  Инкрементальное обучение завершено. Всего шагов Adam: 86670
  💾 Model saved → models\FA_Taping/model.pkl
  ── FA Taping final check ──
  Total rows          : 69
  Passed (pred ≤ ref) :    9  (13.0%)
  Passed (pred ≤ +5%) :   11  (15.9%)
  Match (±2%)         :    5  (7.2%)
  Failed              :   60  (87.0%)
  Top-5 worst (over-predictions):
    row_local= 62  ref=1.8000  pred=5.1146  diff=+3.3146  (+184.1%)
    row_local= 56  ref=3.0000  pred=6.1689  diff=+3.1689  (+105.6%)
    row_local= 55  ref=0.0800  pred=3.1643  diff=+3.0843  (+3855.4%)
    row_local= 24  ref=0.0580  pred=3.1378  diff=+3.0798  (+5310.0%)
    row_local= 26  ref=0.0510  pred=3.1232  diff=+3.0722  (+6023.9%)

  ======================================================================
  Sheet: FA Miscellaneos  (incremental)
  ======================================================================
  Реальных строк : 32
  Слотов (QTY=0) : 94
  Строк CUTTING  : 575
  Итого шагов    : 575 строк × 94 слотов × 500 эпох

  Инициализация нормализации (первый fit)...
  Нормализация зафиксирована. Начинаем инкрементальное обучение...

  [  9.9%]  CUTTING строка 57/575  gage=[36.0–50.0]  len=[1001–2000]  t=10930 шагов Adam
  [ 19.8%]  CUTTING строка 114/575  gage=[0.1–0.1]  len=[17001–19000]  t=19575 шагов Adam
  [ 29.7%]  CUTTING строка 171/575  gage=[0.1–0.1]  len=[11001–13000]  t=30012 шагов Adam
  [ 39.7%]  CUTTING строка 228/575  gage=[0.2–6.0]  len=[7001–8000]  t=39405 шагов Adam
  [ 49.6%]  CUTTING строка 285/575  gage=[0.2–6.0]  len=[12001–13000]  t=48455 шагов Adam
  [ 59.5%]  CUTTING строка 342/575  gage=[0.2–2.5]  len=[700–1000]  t=56739 шагов Adam
  [ 69.4%]  CUTTING строка 399/575  gage=[2.8–40.0]  len=[201–400]  t=65242 шагов Adam
  [ 79.3%]  CUTTING строка 456/575  gage=[4.5–60.0]  len=[801–900]  t=74474 шагов Adam
  [ 89.2%]  CUTTING строка 513/575  gage=[0.0–0.0]  len=[9001–10000]  t=82717 шагов Adam
  [ 99.1%]  CUTTING строка 570/575  gage=[0.0–40.0]  len=[9001–9250]  t=92513 шагов Adam
  [100.0%]  CUTTING строка 575/575  gage=[6.1–103.0]  len=[1–59]  t=93623 шагов Adam

  Инкрементальное обучение завершено. Всего шагов Adam: 93623
  💾 Model saved → models\FA_Miscellaneos/model.pkl
  ── FA Miscellaneos final check ──
  Total rows          : 126
  Passed (pred ≤ ref) :   72  (57.1%)
  Passed (pred ≤ +5%) :   93  (73.8%)
  Match (±2%)         :   23  (18.3%)
  Failed              :   54  (42.9%)
  Top-5 worst (over-predictions):
    row_local= 82  ref=12.7230  pred=20.0187  diff=+7.2957  (+57.3%)
    row_local= 65  ref=13.5510  pred=20.3570  diff=+6.8060  (+50.2%)
    row_local= 77  ref=13.4580  pred=20.1482  diff=+6.6902  (+49.7%)
    row_local= 42  ref=15.0000  pred=20.9993  diff=+5.9993  (+40.0%)
    row_local= 64  ref=15.2110  pred=21.0193  diff=+5.8083  (+38.2%)

  ══════════════════════════════════════════════════════════════════════
                            📋  SESSION SUMMARY                          
  ══════════════════════════════════════════════════════════════════════

  ┌──────────────────────────────────────────────────────────────────────────────────────────────────────┐
  │  Sheet                          N      MAE     R²   Pass≤ref%   Pass≤+5%%        Status  │
  ├──────────────────────────────────────────────────────────────────────────────────────────────────────┤
  │  CUTTING                      575   2.0992 0.8769       43.1%       52.5%     ✅ trained  │
  │  TOTAL values GCSD             14   3.6491 0.9443       42.9%       42.9%     ✅ trained  │
  │  LEAD PREP                  75923   5.5935 0.8957       56.1%       60.0%     ✅ trained  │
  │  LEAD PREP FA                   1      —      —           —           —  ⚠️  no real data  │
  │  High Voltage                   0      —      —           —           —  ⚠️  no real data  │
  │  FA Conns and wires         43141   8.5258 0.8804       14.3%       17.6%     ✅ trained  │
  │  FA Taping                  31639   6.3342 0.8344       13.0%       15.9%     ✅ trained  │
  │  FA Miscellaneos            54082   6.6969 0.8974       57.1%       73.8%     ✅ trained  │
  └──────────────────────────────────────────────────────────────────────────────────────────────────────┘

  Средний MAE : 5.4831 мин
  Средний R²  : 0.8882
  Среднее Pass≤ref: 37.8%
  Среднее Pass≤+5%: 43.8%

  ✅  Обучение завершено.
  ⏱  Всего: 408.9 сек
  📁  Лог: logs/training.log
  ══════════════════════════════════════════════════════════════════════


  ══════════════════════════════════════════════════════════════════════
                🚀  TRAINING SESSION — Best Wire Predictor               
                      Started: 2026-06-08  21:56:42                     
                            File: K0_old.xlsx                           
  ══════════════════════════════════════════════════════════════════════

  ======================================================================
  Sheet: CUTTING  — обучение предсказывать filter_score
  ======================================================================

  Концепт: target = кол-во фильтров (0–3), которые прошёл провод.
  Фильтры: LEAD PREP, LEAD PREP FA, High Voltage.
  Нейросеть учится по параметрам провода (gage, len, machine_group)
  предсказывать этот score. Лучший провод = max(predicted_score).

  Проводов в CUTTING: 575
  Загрузка фильтров...
    LEAD PREP: 81 активных строк
    LEAD PREP FA: 81 активных строк
    High Voltage: 13 активных строк

  Распределение target (filter_score):
    score=0:    0 проводов (  0.0%)  
    score=1:    0 проводов (  0.0%)  
    score=2:  534 проводов ( 92.9%)  ██████████████████████████████████████████████
    score=3:   41 проводов (  7.1%)  ███

  Обучение: 575 проводов, target ∈ [0, 3]

  Epoch  200/3000  │  Train MSE 0.317261  │  Val MSE 0.232812  │    0.3s elapsed
  Epoch  400/3000  │  Train MSE 0.288845  │  Val MSE 0.203143  │    0.6s elapsed
  Epoch  600/3000  │  Train MSE 0.260775  │  Val MSE 0.191393  │    0.9s elapsed
  Epoch  800/3000  │  Train MSE 0.203373  │  Val MSE 0.197602  │    1.2s elapsed
  Epoch 1000/3000  │  Train MSE 0.095250  │  Val MSE 0.184837  │    1.5s elapsed
  Epoch 1200/3000  │  Train MSE 0.130755  │  Val MSE 0.172622  │    1.7s elapsed
  Epoch 1400/3000  │  Train MSE 0.090754  │  Val MSE 0.175859  │    2.0s elapsed
  Epoch 1600/3000  │  Train MSE 0.093300  │  Val MSE 0.182597  │    2.3s elapsed
  Epoch 1800/3000  │  Train MSE 0.086893  │  Val MSE 0.150465  │    2.5s elapsed
  Epoch 2000/3000  │  Train MSE 0.055489  │  Val MSE 0.158057  │    2.8s elapsed
  Epoch 2200/3000  │  Train MSE 0.090409  │  Val MSE 0.144447  │    3.1s elapsed
  Epoch 2400/3000  │  Train MSE 0.078560  │  Val MSE 0.132155  │    3.4s elapsed
  Epoch 2600/3000  │  Train MSE 0.091551  │  Val MSE 0.144659  │    3.7s elapsed
  Epoch 2800/3000  │  Train MSE 0.078371  │  Val MSE 0.141066  │    4.0s elapsed
  Epoch 3000/3000  │  Train MSE 0.048014  │  Val MSE 0.150126  │    4.3s elapsed

  📊  LOSS CURVE   T = Train   V = Val   ✪ = overlap

   6.61322 ┤
           │                          V                              T 
           │   V   T                                                   
           │  V T                                                      
           │  VT                                                       
           │  VT                                                       
           │  ✪                                                        
           │  ✪                                                        
           │  VT                                                       
           │  ✪                                                        
           │ TV                                                        
           │ TV                                                        
           │  ✪                                                        
           │  ✪                                                        
           │  ✪                                                        
           │ TV                                                        
           │ TV                                                        
           │ TV                                                        
           │ TV                                                        
           │ TV                                                        
           │ TV                                                        
           │ TV                                                        
           │ TV                                                        
           │ TV                                                        
           │ TV                                                        
           │ TV                                                        
           │ TV                                                        
           │ TV                                                        
           │ TV                                                        
           │ ✪                                                         
           │ ✪                                                         
           │ ✪                                                         
           │ ✪                                                         
           │ TV                                                        
           │ ✪                                                         
           │ TV                                                        
           │ TV                                                        
   0.02371 ┤
           └─────────────────────────────▶  epochs


  ┌──────────────────────────────────────────────────────────────────┐
  │                 🧠  NEURAL NETWORK TRAINING REPORT                │
  │                        2026-06-08  21:56:47                      │
  ├──────────────────────────────────────────────────────────────────┤
  ├─  Architecture  ──────────────────────────────────────────────────┤
  │  Input features                                    20          │
  │  Hidden layers                           64 → 32 → 16          │
  │  Output                               1  (regression)          │
  │  Activation                         ReLU + linear out          │
  │  Optimizer                     Adam  β₁=0.9  β₂=0.999          │
  │  Dropout rate                                     15%          │
  │  Training time                                    4.3  sec     │
  ├─  Dataset split  ─────────────────────────────────────────────────┤
  │  Total samples                                    575          │
  │  Training samples                                 460          │
  │  Validation samples                               115          │
  ├─  Loss history  (MSE, normalised space)  ─────────────────────────┤
  │  Initial  train MSE                          6.613223          │
  │  Final    train MSE                          0.048014          │
  │  Initial  val   MSE                          3.022117          │
  │  Final    val   MSE                          0.150126          │
  │  Best     val   MSE                          0.129330          │
  │  Best epoch                                      2769          │
  │  Train loss reduction                            99.3  %       │
  │  Overfit index (val-tr)/tr                     +212.7  %       │
  ├─  Metrics — Train  (n=460, denormalised values)  ─────────────────┤
  │  MAE   (mean abs error)                        0.0103  min     │
  │  RMSE  (root mean sq error)                    0.0177  min     │
  │  Median abs error                              0.0056  min     │
  │  P95   abs error                               0.0525  min     │
  │  MAPE  (mean abs % error)                        0.44  %       │
  │  R²                            0.9954   ███████████████████          │
  ├─  Metrics — Val    (n=115, denormalised values)  ─────────────────┤
  │  MAE   (mean abs error)                        0.0179  min     │
  │  RMSE  (root mean sq error)                    0.0925  min     │
  │  Median abs error                              0.0063  min     │
  │  P95   abs error                               0.0397  min     │
  │  MAPE  (mean abs % error)                        0.71  %       │
  │  R²                            0.8502   █████████████████          │
  ├─  Metrics — Full   (n=575, denormalised values)  ─────────────────┤
  │  MAE   (mean abs error)                        0.0118  min     │
  │  RMSE  (root mean sq error)                    0.0443  min     │
  │  Median abs error                              0.0057  min     │
  │  P95   abs error                               0.0516  min     │
  │  MAPE  (mean abs % error)                        0.50  %       │
  │  R²                            0.9704   ███████████████████          │
  ├─  Feature importance  (mean |W₁| per input)  ─────────────────────┤
  │   1. min_len_log                ███████████████████████   100.0%  0.2905  │
  │   2. gage_x_len                 ██████████████████████     95.1%  0.2764  │
  │   3. min_gage_log               ██████████████████████     94.6%  0.2749  │
  │   4. max_gage_log               ██████████████████████     94.0%  0.2730  │
  │   5. max_gage                   ██████████████████████     92.7%  0.2693  │
  │   6. max_len_log                █████████████████████      90.9%  0.2640  │
  │   7. min_len                    █████████████████████      90.6%  0.2631  │
  │   8. mid_gage                   ████████████████████       87.4%  0.2540  │
  │   9. mid_gage_log               ████████████████████       86.4%  0.2511  │
  │  10. max_len                    ████████████████████       86.3%  0.2507  │
  │  11. max_len_sqrt               ███████████████████        82.0%  0.2382  │
  │  12. gage_x_maxlen              ███████████████████        81.8%  0.2376  │
  │  13. gage_range                 ███████████████████        81.7%  0.2374  │
  │  14. mid_len_log                ███████████████████        81.5%  0.2366  │
  │  15. len_range                  ███████████████████        81.3%  0.2362  │
  │  16. mid_len_sqrt               ███████████████████        79.9%  0.2320  │
  │  17. mid_len                    █████████████████          72.5%  0.2105  │
  │  18. group_encoded              █████████████████          72.0%  0.2092  │
  │  19. max_gage_sqrt              ████████████████           70.7%  0.2055  │
  │  20. min_gage                   ███████████████            66.1%  0.1921  │
  └──────────────────────────────────────────────────────────────────┘

  💾 Модель сохранена → models\CUTTING/model.pkl

  ─── Проверка на обучающей выборке ───
  Лучший провод (по предсказанию нейросети):
    Excel-строка : 570
    Группа       : twist wires (no matter of the pitch)  - to be used also if "Insul Matl Code' = N
    Gage         : [0.00 – 0.00]
    Length       : [0 – 500]
    GCSP         : 11.0300
    Предсказанный score : 2.9625
    Реальный score      : 3

  ======================================================================
  Sheet: TOTAL values GCSD
  ======================================================================
  Всего строк: 14, для обучения: 14
  Epoch  200/2000  │  Train MSE 0.154704  │  Val MSE 0.011001  │    0.0s elapsed
  Epoch  400/2000  │  Train MSE 0.083991  │  Val MSE 0.015619  │    0.1s elapsed
  Epoch  600/2000  │  Train MSE 0.133232  │  Val MSE 0.019743  │    0.1s elapsed
  ⏹  Early stop at epoch 768  (best val=0.002091 @ ep 468)  0.2s

  📊  LOSS CURVE   T = Train   V = Val   ✪ = overlap

   1.39369 ┤
           │                                                        TV 
           │  V                   T                                    
           │ V            T                                            
           │  V         T                                              
           │ V     T                                                   
           │ V     T                                                   
           │ V          T                                              
           │ V  T                                                      
           │ V      T                                                  
           │ V    T                                                    
           │ VT                                                        
           │ V    T                                                    
           │ V T                                                       
           │ V     T                                                   
           │ V T                                                       
           │ V  T                                                      
           │ VT                                                        
           │ V   T                                                     
           │ ✪                                                         
           │ V   T                                                     
           │ V  T                                                      
           │ V T                                                       
           │ VT                                                        
           │ VT                                                        
           │ VT                                                        
           │ V    T                                                    
           │ V  T                                                      
           │ V  T                                                      
           │ V    T                                                    
           │ ✪                                                         
           │ VT                                                        
           │ VT                                                        
           │ VT                                                        
           │ V   T                                                     
           │ V  T                                                      
           │ VT                                                        
   0.00269 ┤
           └─────────────────────────────▶  epochs


  ┌──────────────────────────────────────────────────────────────────┐
  │                 🧠  NEURAL NETWORK TRAINING REPORT                │
  │                        2026-06-08  21:56:47                      │
  ├──────────────────────────────────────────────────────────────────┤
  ├─  Architecture  ──────────────────────────────────────────────────┤
  │  Input features                                    10          │
  │  Hidden layers                           64 → 32 → 16          │
  │  Output                               1  (regression)          │
  │  Activation                         ReLU + linear out          │
  │  Optimizer                     Adam  β₁=0.9  β₂=0.999          │
  │  Dropout rate                                     15%          │
  │  Training time                                    0.2  sec     │
  ├─  Dataset split  ─────────────────────────────────────────────────┤
  │  Total samples                                     14          │
  │  Training samples                                  12          │
  │  Validation samples                                 2          │
  ├─  Loss history  (MSE, normalised space)  ─────────────────────────┤
  │  Initial  train MSE                          1.361525          │
  │  Final    train MSE                          0.041023          │
  │  Initial  val   MSE                          1.393689          │
  │  Final    val   MSE                          0.014267          │
  │  Best     val   MSE                          0.002091          │
  │  Best epoch                                       468          │
  │  Train loss reduction                            97.0  %       │
  │  Overfit index (val-tr)/tr                      -65.2  %       │
  ├─  Metrics — Train  (n=12, denormalised values)  ──────────────────┤
  │  MAE   (mean abs error)                        3.7968  min     │
  │  RMSE  (root mean sq error)                    5.4186  min     │
  │  Median abs error                              1.8737  min     │
  │  P95   abs error                              10.5623  min     │
  │  MAPE  (mean abs % error)                       95.50  %       │
  │  R²                            0.9542   ███████████████████          │
  ├─  Metrics — Val    (n=2, denormalised values)  ───────────────────┤
  │  MAE   (mean abs error)                        1.0959  min     │
  │  RMSE  (root mean sq error)                    1.0996  min     │
  │  Median abs error                              1.0959  min     │
  │  P95   abs error                               1.1768  min     │
  │  MAPE  (mean abs % error)                      204.15  %       │
  │  R²                            0.9881   ███████████████████          │
  ├─  Metrics — Full   (n=14, denormalised values)  ──────────────────┤
  │  MAE   (mean abs error)                        3.4109  min     │
  │  RMSE  (root mean sq error)                    5.0338  min     │
  │  Median abs error                              1.4790  min     │
  │  P95   abs error                              10.5623  min     │
  │  MAPE  (mean abs % error)                      111.02  %       │
  │  R²                            0.9562   ███████████████████          │
  ├─  Feature importance  (mean |W₁| per input)  ─────────────────────┤
  │   1. PART_HAS_LETTER            ███████████████████████   100.0%  0.4029  │
  │   2. ADJ_log                    ██████████████████████     94.2%  0.3794  │
  │   3. GCSD_sqrt                  ██████████████████████     94.1%  0.3790  │
  │   4. PART_LEN                   ██████████████████████     92.3%  0.3718  │
  │   5. GCSD_log                   █████████████████████      91.5%  0.3685  │
  │   6. ADJ_sqrt                   ████████████████████       84.2%  0.3394  │
  │   7. GCSD_x_ADJ                 ██████████████████         77.6%  0.3125  │
  │   8. PART_DIGITS                ██████████████████         76.3%  0.3073  │
  │   9. GCSD                       █████████████████          72.9%  0.2937  │
  │  10. ADJ.                       █████████████████          72.3%  0.2915  │
  └──────────────────────────────────────────────────────────────────┘

  💾 Модель сохранена → models\TOTAL_values_GCSD/model.pkl

  ======================================================================
  Generic Sheets  (incremental training)
  ======================================================================

  Sheet: LEAD PREP
  Реальных строк: 23,  слотов: 132
  [  9.9%]  строка 57/575  gage=[36.0–50.0]  len=[1001–2000]
  [ 19.8%]  строка 114/575  gage=[0.1–0.1]  len=[17001–19000]
  [ 29.7%]  строка 171/575  gage=[0.1–0.1]  len=[11001–13000]
  [ 39.7%]  строка 228/575  gage=[0.2–6.0]  len=[7001–8000]
  [ 49.6%]  строка 285/575  gage=[0.2–6.0]  len=[12001–13000]
  [ 59.5%]  строка 342/575  gage=[0.2–2.5]  len=[700–1000]
  [ 69.4%]  строка 399/575  gage=[2.8–40.0]  len=[201–400]
  [ 79.3%]  строка 456/575  gage=[4.5–60.0]  len=[801–900]
  [ 89.2%]  строка 513/575  gage=[0.0–0.0]  len=[9001–10000]
  [ 99.1%]  строка 570/575  gage=[0.0–40.0]  len=[9001–9250]
  [100.0%]  строка 575/575  gage=[6.1–103.0]  len=[1–59]
  💾 Сохранено → models\LEAD_PREP/model.pkl

  Sheet: LEAD PREP FA
  Реальных строк: 1,  слотов: 228
  ⚠️  Мало реальных данных, пропуск.

  Sheet: High Voltage
  Реальных строк: 0,  слотов: 66
  ⚠️  Мало реальных данных, пропуск.

  Sheet: FA Conns and wires
  Реальных строк: 16,  слотов: 75
  [  9.9%]  строка 57/575  gage=[36.0–50.0]  len=[1001–2000]
  [ 19.8%]  строка 114/575  gage=[0.1–0.1]  len=[17001–19000]
  [ 29.7%]  строка 171/575  gage=[0.1–0.1]  len=[11001–13000]
  [ 39.7%]  строка 228/575  gage=[0.2–6.0]  len=[7001–8000]
  [ 49.6%]  строка 285/575  gage=[0.2–6.0]  len=[12001–13000]
  [ 59.5%]  строка 342/575  gage=[0.2–2.5]  len=[700–1000]
  [ 69.4%]  строка 399/575  gage=[2.8–40.0]  len=[201–400]
  [ 79.3%]  строка 456/575  gage=[4.5–60.0]  len=[801–900]
  [ 89.2%]  строка 513/575  gage=[0.0–0.0]  len=[9001–10000]
  [ 99.1%]  строка 570/575  gage=[0.0–40.0]  len=[9001–9250]
  [100.0%]  строка 575/575  gage=[6.1–103.0]  len=[1–59]
  💾 Сохранено → models\FA_Conns_and_wires/model.pkl

  Sheet: FA Taping
  Реальных строк: 14,  слотов: 55
  [  9.9%]  строка 57/575  gage=[36.0–50.0]  len=[1001–2000]
  [ 19.8%]  строка 114/575  gage=[0.1–0.1]  len=[17001–19000]
  [ 29.7%]  строка 171/575  gage=[0.1–0.1]  len=[11001–13000]
  [ 39.7%]  строка 228/575  gage=[0.2–6.0]  len=[7001–8000]
  [ 49.6%]  строка 285/575  gage=[0.2–6.0]  len=[12001–13000]
  [ 59.5%]  строка 342/575  gage=[0.2–2.5]  len=[700–1000]
  [ 69.4%]  строка 399/575  gage=[2.8–40.0]  len=[201–400]
  [ 79.3%]  строка 456/575  gage=[4.5–60.0]  len=[801–900]
  [ 89.2%]  строка 513/575  gage=[0.0–0.0]  len=[9001–10000]
  [ 99.1%]  строка 570/575  gage=[0.0–40.0]  len=[9001–9250]
  [100.0%]  строка 575/575  gage=[6.1–103.0]  len=[1–59]
  💾 Сохранено → models\FA_Taping/model.pkl

  Sheet: FA Miscellaneos
  Реальных строк: 32,  слотов: 94
  [  9.9%]  строка 57/575  gage=[36.0–50.0]  len=[1001–2000]
  [ 19.8%]  строка 114/575  gage=[0.1–0.1]  len=[17001–19000]
  [ 29.7%]  строка 171/575  gage=[0.1–0.1]  len=[11001–13000]
  [ 39.7%]  строка 228/575  gage=[0.2–6.0]  len=[7001–8000]
  [ 49.6%]  строка 285/575  gage=[0.2–6.0]  len=[12001–13000]
  [ 59.5%]  строка 342/575  gage=[0.2–2.5]  len=[700–1000]
  [ 69.4%]  строка 399/575  gage=[2.8–40.0]  len=[201–400]
  [ 79.3%]  строка 456/575  gage=[4.5–60.0]  len=[801–900]
  [ 89.2%]  строка 513/575  gage=[0.0–0.0]  len=[9001–10000]
  [ 99.1%]  строка 570/575  gage=[0.0–40.0]  len=[9001–9250]
  [100.0%]  строка 575/575  gage=[6.1–103.0]  len=[1–59]
  💾 Сохранено → models\FA_Miscellaneos/model.pkl

  ══════════════════════════════════════════════════════════════════════
                            📋  SESSION SUMMARY                          
  ══════════════════════════════════════════════════════════════════════

  CUTTING                         MAE=0.0118  R²=0.9704  BestWire=row 570 (score=3)  ✅ trained
  TOTAL values GCSD               MAE=3.4109  R²=0.9562  BestWire=—  ✅ trained
  LEAD PREP                       MAE=  —    R²=  —    BestWire=—  ✅ trained
  LEAD PREP FA                    MAE=  —    R²=  —    BestWire=—  ⚠️  no real data
  High Voltage                    MAE=  —    R²=  —    BestWire=—  ⚠️  no real data
  FA Conns and wires              MAE=  —    R²=  —    BestWire=—  ✅ trained
  FA Taping                       MAE=  —    R²=  —    BestWire=—  ✅ trained
  FA Miscellaneos                 MAE=  —    R²=  —    BestWire=—  ✅ trained

  ✅  Обучение завершено за 191.1 сек
  ══════════════════════════════════════════════════════════════════════

  ══════════════════════════════════════════════════════════════════════
            🚀  TRAINING — Best Wire Predictor (Detailed Score)          
                      Started: 2026-06-08  22:25:57                     
                            File: K0_old.xlsx                           
  ══════════════════════════════════════════════════════════════════════

  ======================================================================
  CUTTING  — обучение предсказывать детальный score
  ======================================================================

  Концепт: target = сумма пройденных операций по всем трём пространствам.
  (LEAD PREP + LEAD PREP FA + High Voltage — каждая строка = одна операция)
  Нейросеть предсказывает этот score → лучший провод = max(predicted_score).

  Строк в CUTTING: 575

  Загрузка фильтров операций...
  Итого операций с ограничениями: 183

  Вычисление score для каждого провода...

  Статистика target (детальный score):
    Диапазон: 32 – 89
    Среднее:  52.0  ±  18.5
    LP:   min=16 max=42 mean=25.4
    LPFA: min=16 max=42 mean=25.4
    HV:   min=0 max=8 mean=1.2

  Распределение score:
    [   32–   38]:  108  ███████
    [   38–   43]:   70  ████
    [   43–   49]:  216  ███████████████
    [   49–   55]:    2  
    [   55–   60]:    0  
    [   60–   66]:    0  
    [   66–   72]:    0  
    [   72–   78]:  112  ███████
    [   78–   83]:   44  ███
    [   83–   89]:   23  █

  Обучающая выборка после аугментации: 9200 строк
  (оригинал: 575, ×16 с Gaussian noise 2%)

  Веса обучающих примеров: min=1.00 max=5.00

  Epoch  200/5000  │  Train MSE 0.012765  │  Val MSE 0.013104  │    9.7s elapsed
  Epoch  400/5000  │  Train MSE 0.010461  │  Val MSE 0.010793  │   18.5s elapsed
  Epoch  600/5000  │  Train MSE 0.009002  │  Val MSE 0.008307  │   26.9s elapsed
  Epoch  800/5000  │  Train MSE 0.008689  │  Val MSE 0.009009  │   35.5s elapsed
  Epoch 1000/5000  │  Train MSE 0.008597  │  Val MSE 0.006146  │   43.8s elapsed
  Epoch 1200/5000  │  Train MSE 0.008307  │  Val MSE 0.006119  │   52.3s elapsed
  Epoch 1400/5000  │  Train MSE 0.008077  │  Val MSE 0.005063  │   61.2s elapsed
  Epoch 1600/5000  │  Train MSE 0.008278  │  Val MSE 0.003698  │   69.7s elapsed
  Epoch 1800/5000  │  Train MSE 0.007939  │  Val MSE 0.004729  │   78.2s elapsed
  Epoch 2000/5000  │  Train MSE 0.008207  │  Val MSE 0.003635  │   86.6s elapsed
  ⏹  Early stop at epoch 2174  (best val=0.002259 @ ep 1674)  94.1s

  📊  LOSS CURVE   T = Train   V = Val   ✪ = overlap

   1.02108 ┤
           │      V                                                  T 
           │ VT                                                        
           │ ✪                                                         
           │ ✪                                                         
           │ ✪                                                         
           │ ✪                                                         
           │ ✪                                                         
           │ ✪                                                         
           │ ✪                                                         
           │ ✪                                                         
           │ ✪                                                         
           │ ✪                                                         
           │ ✪                                                         
           │ ✪                                                         
           │ ✪                                                         
           │ ✪                                                         
           │ ✪                                                         
           │ ✪                                                         
           │ ✪                                                         
           │ ✪                                                         
           │ ✪                                                         
           │ ✪                                                         
           │ ✪                                                         
           │ ✪                                                         
           │ ✪                                                         
           │ ✪                                                         
           │ ✪                                                         
           │ ✪                                                         
           │ ✪                                                         
           │ ✪                                                         
           │ ✪                                                         
           │ ✪                                                         
           │ ✪                                                         
           │ ✪                                                         
           │ ✪                                                         
           │ ✪                                                         
   0.00322 ┤
           └─────────────────────────────▶  epochs


  ┌──────────────────────────────────────────────────────────────────┐
  │                 🧠  NEURAL NETWORK TRAINING REPORT                │
  │                        2026-06-08  22:27:32                      │
  ├──────────────────────────────────────────────────────────────────┤
  ├─  Architecture  ──────────────────────────────────────────────────┤
  │  Input features                                    21          │
  │  Hidden layers                           64 → 32 → 16          │
  │  Output                               1  (regression)          │
  │  Activation                         ReLU + linear out          │
  │  Optimizer                     Adam  β₁=0.9  β₂=0.999          │
  │  Dropout rate                                     15%          │
  │  Training time                                   94.1  sec     │
  ├─  Dataset split  ─────────────────────────────────────────────────┤
  │  Total samples                                   9200          │
  │  Training samples                                7360          │
  │  Validation samples                              1840          │
  ├─  Loss history  (MSE, normalised space)  ─────────────────────────┤
  │  Initial  train MSE                          1.021080          │
  │  Final    train MSE                          0.008123          │
  │  Initial  val   MSE                          0.099197          │
  │  Final    val   MSE                          0.003912          │
  │  Best     val   MSE                          0.002259          │
  │  Best epoch                                      1674          │
  │  Train loss reduction                            99.2  %       │
  │  Overfit index (val-tr)/tr                      -51.8  %       │
  ├─  Metrics — Train  (n=7360, denormalised values)  ────────────────┤
  │  MAE   (mean abs error)                        0.6066  min     │
  │  RMSE  (root mean sq error)                    0.8978  min     │
  │  Median abs error                              0.3110  min     │
  │  P95   abs error                               1.8977  min     │
  │  MAPE  (mean abs % error)                        1.68  %       │
  │  R²                            0.9976   ███████████████████          │
  ├─  Metrics — Val    (n=1840, denormalised values)  ────────────────┤
  │  MAE   (mean abs error)                        0.5965  min     │
  │  RMSE  (root mean sq error)                    0.8805  min     │
  │  Median abs error                              0.3149  min     │
  │  P95   abs error                               1.8861  min     │
  │  MAPE  (mean abs % error)                        1.64  %       │
  │  R²                            0.9978   ███████████████████          │
  ├─  Metrics — Full   (n=9200, denormalised values)  ────────────────┤
  │  MAE   (mean abs error)                        0.6046  min     │
  │  RMSE  (root mean sq error)                    0.8944  min     │
  │  Median abs error                              0.3118  min     │
  │  P95   abs error                               1.8951  min     │
  │  MAPE  (mean abs % error)                        1.67  %       │
  │  R²                            0.9977   ███████████████████          │
  ├─  Feature importance  (mean |W₁| per input)  ─────────────────────┤
  │   1. mid_gage_log               ███████████████████████   100.0%  0.2916  │
  │   2. max_gage_log               ██████████████████████     94.5%  0.2755  │
  │   3. mid_gage                   ██████████████████████     93.4%  0.2724  │
  │   4. min_gage_log               ████████████████████       87.3%  0.2546  │
  │   5. min_gage                   ████████████████████       85.7%  0.2498  │
  │   6. max_gage                   ███████████████████        82.1%  0.2395  │
  │   7. max_gage_sqrt              ███████████████████        79.8%  0.2326  │
  │   8. mid_gage_sqrt              ███████████████████        79.7%  0.2324  │
  │   9. gage_range                 ██████████████████         78.3%  0.2283  │
  │  10. max_len_sqrt               █████████████████          74.3%  0.2167  │
  │  11. min_len                    █████████████████          72.1%  0.2103  │
  │  12. mid_len_sqrt               ████████████████           70.5%  0.2056  │
  │  13. mid_len                    ████████████████           69.6%  0.2030  │
  │  14. max_len                    ████████████████           69.4%  0.2024  │
  │  15. len_range                  ███████████████            66.6%  0.1943  │
  │  16. gage_x_len                 ███████████████            64.3%  0.1874  │
  │  17. mid_len_log                ███████████████            64.1%  0.1869  │
  │  18. max_len_log                ██████████████             59.9%  0.1747  │
  │  19. min_len_log                █████████████              57.1%  0.1664  │
  │  20. group_encoded              ███████████                49.7%  0.1450  │
  │  21. gcsp_log                   ███████████                48.7%  0.1419  │
  └──────────────────────────────────────────────────────────────────┘

  💾 Модель сохранена → models\CUTTING/model.pkl

  ─── Результат на обучающей выборке ───

  🏆  ЛУЧШИЙ ПРОВОД (предсказание нейросети):
    Excel-строка : 87
    Группа       : cut heavy gage cables
    Gage         : [51.00 – 70.00]
    Length       : [60 – 100]
    GCSP         : 7.3800  сек/шт
    Предсказанный score: 88.25
    Реальный score:      89

    Детализация реального score:
      LEAD PREP:    42  из 83  операций
      LEAD PREP FA: 42  из 83 операций
      High Voltage: 5  из 17  операций

  Топ-10 проводов по предсказанию:
  Строка Gage мин Gage макс Len мин Len макс    GCSP  NN score   Real
  ──────────────────────────────────────────────────────────────
      87    51.00     70.00      60      100  7.3800     88.25     89
     533     4.50     60.00       0      100  1.2700     86.97     87
     676     6.10    103.00       1       59  3.3400     86.74     87
     101    71.00    103.00      60      100  9.6000     86.72     87
      73    36.00     50.00      60      100  6.8400     86.03     87
      88    51.00     70.00     101     1000  7.3800     84.00     84
      91    51.00     70.00    3001     4000 25.8000     83.95     84
      89    51.00     70.00    1001     2000  9.4200     83.89     84
      92    51.00     70.00    4001     5000 27.1200     83.87     84
      94    51.00     70.00    6001     9000 34.9200     83.83     84

  MAE (NN vs реальный score): 0.601  (диапазон score: 57)

  ======================================================================
  Sheet: TOTAL values GCSD
  ======================================================================
  Всего строк: 14, для обучения: 14
  Epoch  200/3000  │  Train MSE 0.132969  │  Val MSE 0.064983  │    0.0s elapsed
  Epoch  400/3000  │  Train MSE 0.103807  │  Val MSE 0.071988  │    0.1s elapsed
  ⏹  Early stop at epoch 536  (best val=0.033672 @ ep 136)  0.1s

  📊  LOSS CURVE   T = Train   V = Val   ✪ = overlap

   2.53050 ┤
           │                                       T                 V 
           │       T    V                                              
           │  V T                                                      
           │ V   T                                                     
           │ V      T                                                  
           │ V T                                                       
           │ V     T                                                   
           │ V T                                                       
           │ V   T                                                     
           │ V        T                                                
           │ ✪                                                         
           │ V  T                                                      
           │ V    T                                                    
           │ V      T                                                  
           │ V   T                                                     
           │ V    T                                                    
           │ VT                                                        
           │ TV                                                        
           │ V  T                                                      
           │  V  T                                                     
           │  VT                                                       
           │ V T                                                       
           │ ✪                                                         
           │ VT                                                        
           │ ✪                                                         
           │ TV                                                        
           │ TV                                                        
           │ ✪                                                         
           │ ✪                                                         
           │ ✪                                                         
           │ V T                                                       
           │ TV                                                        
           │  ✪                                                        
           │ TV                                                        
           │  VT                                                       
           │ TV                                                        
   0.03013 ┤
           └─────────────────────────────▶  epochs


  ┌──────────────────────────────────────────────────────────────────┐
  │                 🧠  NEURAL NETWORK TRAINING REPORT                │
  │                        2026-06-08  22:27:32                      │
  ├──────────────────────────────────────────────────────────────────┤
  ├─  Architecture  ──────────────────────────────────────────────────┤
  │  Input features                                    10          │
  │  Hidden layers                           64 → 32 → 16          │
  │  Output                               1  (regression)          │
  │  Activation                         ReLU + linear out          │
  │  Optimizer                     Adam  β₁=0.9  β₂=0.999          │
  │  Dropout rate                                     15%          │
  │  Training time                                    0.1  sec     │
  ├─  Dataset split  ─────────────────────────────────────────────────┤
  │  Total samples                                     14          │
  │  Training samples                                  12          │
  │  Validation samples                                 2          │
  ├─  Loss history  (MSE, normalised space)  ─────────────────────────┤
  │  Initial  train MSE                          1.727666          │
  │  Final    train MSE                          0.073183          │
  │  Initial  val   MSE                          2.530497          │
  │  Final    val   MSE                          0.091478          │
  │  Best     val   MSE                          0.033672          │
  │  Best epoch                                       136          │
  │  Train loss reduction                            95.8  %       │
  │  Overfit index (val-tr)/tr                      +25.0  %       │
  ├─  Metrics — Train  (n=12, denormalised values)  ──────────────────┤
  │  MAE   (mean abs error)                        3.7169  min     │
  │  RMSE  (root mean sq error)                    5.8453  min     │
  │  Median abs error                              1.4371  min     │
  │  P95   abs error                              11.5222  min     │
  │  MAPE  (mean abs % error)                       21.39  %       │
  │  R²                            0.9467   ██████████████████          │
  ├─  Metrics — Val    (n=2, denormalised values)  ───────────────────┤
  │  MAE   (mean abs error)                        3.2425  min     │
  │  RMSE  (root mean sq error)                    4.5153  min     │
  │  Median abs error                              3.2425  min     │
  │  P95   abs error                               6.0706  min     │
  │  MAPE  (mean abs % error)                       32.67  %       │
  │  R²                            0.7986   ███████████████          │
  ├─  Metrics — Full   (n=14, denormalised values)  ──────────────────┤
  │  MAE   (mean abs error)                        3.6491  min     │
  │  RMSE  (root mean sq error)                    5.6744  min     │
  │  Median abs error                              1.4371  min     │
  │  P95   abs error                              11.5222  min     │
  │  MAPE  (mean abs % error)                       23.00  %       │
  │  R²                            0.9443   ██████████████████          │
  ├─  Feature importance  (mean |W₁| per input)  ─────────────────────┤
  │   1. PART_HAS_LETTER            ███████████████████████   100.0%  0.4029  │
  │   2. ADJ_log                    ██████████████████████     94.8%  0.3820  │
  │   3. GCSD_sqrt                  ██████████████████████     94.8%  0.3818  │
  │   4. PART_LEN                   ██████████████████████     93.2%  0.3755  │
  │   5. GCSD_log                   ██████████████████████     92.8%  0.3739  │
  │   6. ADJ_sqrt                   ████████████████████       85.1%  0.3428  │
  │   7. PART_DIGITS                ██████████████████         78.9%  0.3179  │
  │   8. GCSD_x_ADJ                 ██████████████████         78.4%  0.3157  │
  │   9. ADJ.                       █████████████████          72.5%  0.2921  │
  │  10. GCSD                       █████████████████          71.8%  0.2892  │
  └──────────────────────────────────────────────────────────────────┘

  💾 Сохранено → models\TOTAL_values_GCSD/model.pkl

  ======================================================================
  Generic Sheets  (LEAD PREP / LEAD PREP FA / High Voltage)
  ======================================================================

  Sheet: LEAD PREP
  Реальных строк: 23,  слотов (TOTAL=0): 132
  Epoch  200/2000  │  Train MSE 0.112970  │  Val MSE 0.044138  │    0.2s elapsed
  Epoch  400/2000  │  Train MSE 0.074140  │  Val MSE 0.041500  │    0.3s elapsed
  Epoch  600/2000  │  Train MSE 0.071753  │  Val MSE 0.039819  │    0.5s elapsed
  ⏹  Early stop at epoch 652  (best val=0.019478 @ ep 352)  0.5s

  📊  LOSS CURVE   T = Train   V = Val   ✪ = overlap

   5.14337 ┤
           │                   V                                     T 
           │ V    T                                                    
           │ V  T                                                      
           │ V T                                                       
           │ VT                                                        
           │ V T                                                       
           │ VT                                                        
           │ VT                                                        
           │ VT                                                        
           │ ✪                                                         
           │ ✪                                                         
           │ VT                                                        
           │ ✪                                                         
           │ VT                                                        
           │ ✪                                                         
           │ ✪                                                         
           │ ✪                                                         
           │ ✪                                                         
           │ ✪                                                         
           │ ✪                                                         
           │ ✪                                                         
           │ ✪                                                         
           │ ✪                                                         
           │ ✪                                                         
           │ ✪                                                         
           │ ✪                                                         
           │ ✪                                                         
           │ ✪                                                         
           │ ✪                                                         
           │ ✪                                                         
           │ ✪                                                         
           │ ✪                                                         
           │ ✪                                                         
           │ ✪                                                         
           │ ✪                                                         
           │ ✪                                                         
   0.02136 ┤
           └─────────────────────────────▶  epochs


  ┌──────────────────────────────────────────────────────────────────┐
  │                 🧠  NEURAL NETWORK TRAINING REPORT                │
  │                        2026-06-08  22:27:33                      │
  ├──────────────────────────────────────────────────────────────────┤
  ├─  Architecture  ──────────────────────────────────────────────────┤
  │  Input features                                     7          │
  │  Hidden layers                           64 → 32 → 16          │
  │  Output                               1  (regression)          │
  │  Activation                         ReLU + linear out          │
  │  Optimizer                     Adam  β₁=0.9  β₂=0.999          │
  │  Dropout rate                                     15%          │
  │  Training time                                    0.5  sec     │
  ├─  Dataset split  ─────────────────────────────────────────────────┤
  │  Total samples                                    362          │
  │  Training samples                                 290          │
  │  Validation samples                                72          │
  ├─  Loss history  (MSE, normalised space)  ─────────────────────────┤
  │  Initial  train MSE                          5.143370          │
  │  Final    train MSE                          0.046709          │
  │  Initial  val   MSE                          1.693021          │
  │  Final    val   MSE                          0.029038          │
  │  Best     val   MSE                          0.019478          │
  │  Best epoch                                       352          │
  │  Train loss reduction                            99.1  %       │
  │  Overfit index (val-tr)/tr                      -37.8  %       │
  ├─  Metrics — Train  (n=290, denormalised values)  ─────────────────┤
  │  MAE   (mean abs error)                        7.3988  min     │
  │  RMSE  (root mean sq error)                   15.7544  min     │
  │  Median abs error                              1.4079  min     │
  │  P95   abs error                              47.1790  min     │
  │  MAPE  (mean abs % error)                       78.11  %       │
  │  R²                            0.9005   ██████████████████          │
  ├─  Metrics — Val    (n=72, denormalised values)  ──────────────────┤
  │  MAE   (mean abs error)                        4.6246  min     │
  │  RMSE  (root mean sq error)                    9.2678  min     │
  │  Median abs error                              1.3029  min     │
  │  P95   abs error                              21.1744  min     │
  │  MAPE  (mean abs % error)                       18.07  %       │
  │  R²                            0.9372   ██████████████████          │
  ├─  Metrics — Full   (n=362, denormalised values)  ─────────────────┤
  │  MAE   (mean abs error)                        6.8471  min     │
  │  RMSE  (root mean sq error)                   14.6942  min     │
  │  Median abs error                              1.3876  min     │
  │  P95   abs error                              45.2880  min     │
  │  MAPE  (mean abs % error)                       66.17  %       │
  │  R²                            0.9054   ██████████████████          │
  ├─  Feature importance  (mean |W₁| per input)  ─────────────────────┤
  │   1. QTY_log                    ███████████████████████   100.0%  0.4518  │
  │   2. GCSP_sqrt                  ███████████████████████    98.1%  0.4431  │
  │   3. GCSP_log                   ███████████████████████    97.1%  0.4389  │
  │   4. QTY_sqrt                   █████████████████████      89.5%  0.4045  │
  │   5. GCSP_x_QTY                 ███████████████████        79.8%  0.3606  │
  │   6. QTY                        ███████████████████        79.4%  0.3587  │
  │   7. GCSP                       █████████████████          74.2%  0.3353  │
  └──────────────────────────────────────────────────────────────────┘

  💾 Сохранено → models\LEAD_PREP/model.pkl

  Sheet: LEAD PREP FA
  Реальных строк: 1,  слотов (TOTAL=0): 228
  ⚠️  Мало реальных данных, пропуск.

  Sheet: High Voltage
  Реальных строк: 0,  слотов (TOTAL=0): 66
  ⚠️  Мало реальных данных, пропуск.

  ----------------------------------------------------------------------
  Листы без нейросети (QTY=1 в predict.py): ['FA Conns and wires', 'FA Taping', 'FA Miscellaneos']
  ----------------------------------------------------------------------

  ══════════════════════════════════════════════════════════════════════
                            📋  SESSION SUMMARY                          
  ══════════════════════════════════════════════════════════════════════

  CUTTING                         MAE=0.6046  R²=0.9977  BestWire=row 87 (score=89)  ✅ trained
  TOTAL values GCSD               MAE=3.6491  R²=0.9443  BestWire=—  ✅ trained
  LEAD PREP                       MAE=6.8471  R²=0.9054  BestWire=—  ✅ trained
  LEAD PREP FA                    MAE=  —    R²=  —    BestWire=—  ⚠️  no real data
  High Voltage                    MAE=  —    R²=  —    BestWire=—  ⚠️  no real data

  ✅  Обучение завершено за 95.7 сек
  ══════════════════════════════════════════════════════════════════════
